ID,Anno,Stagione,Area,Transetto,Settore,Ambiente,Visibilit√†,C Mammiferi,C Uccelli,C Vegetali,C Frutta,C Insetti,C Anfibi Rettili,C Antropico,C Altro,F Muride,F Microtinide,F Ratto,F Lepre,F Capriolo,F Ghiro,F Canide,F Felide,F Insettivoro,F Scoiattolo,F Mammifero,F Galliforme,F Passeriforme,F Laride,F Uccello,F Ortottero,F Coleottero,F Imenottero,F Lepidottero,F Insetto,F Vegetale,F Cariosside,F Rosa Canina,F Corniolo,F Vite,F Rosacea,F Drupacea,F Frutta,F Anfibi e Rettili,F Antropico,F Lombrico,F Altro,P Muride,P Microtinide,P Ratto,P Lepre,P Capriolo,P Ghiro,P Scoiattolo,P Canide,P Insettivoro,P Mammifero,P Galliforme,P Passeriforme,P Laride,P Uccello,P Ortottero,P Coleottero,P Imenottero,P Lepidottero,P Insetto,P Vegetale,P Cariosside,P Rosa Canina,P Corniolo,P Vite,P Rosacea,P Drupacea,P Frutta,P Anfibi e rettili,P Antropico,P Lombrico,P Altro,S Mammiferi,S Uccelli,S Vegetali,S Frutta,S Insetti,S Anfibi Rettili,S Antropico,S Altro,Periodo riferimento,S Mammiferi,S Uccelli,S Vegetali,S Frutta,S Insetti,S Anfibi Rettili,S Antropico,S Altro
1,1998,2 Primavera,Abitato,XVII,f,massicciata,b,37,1,3,0,8,0,0,0,,,,,1,,,,,,1,,,,1,,1,,,1,1,,,,,,,,,,,,0%,0%,0%,0%,85%,0%,0%,0%,0%,85%,0%,0%,0%,15%,0%,"2,5%",0%,0%,"2,5%","2,5%",0%,0%,0%,0%,0%,0%,0%,0%,0%,0%,0%,"0,755102040816326","0,0204081632653061","0,0612244897959184",0,"0,163265306122449",0,0,0,01/04/1998,6,2,3,1,3,1,1,1
2,1998,2 Primavera,Abitato,XVII,f,massicciata,b,37,0,3,12,0,0,0,0,,,,,,,1,,,,1,,,,1,,,,,,1,,,,,,,,,,,,0%,0%,0%,0%,0%,0%,0%,85%,0%,85%,0%,0%,0%,15%,0%,0%,0%,0%,0%,"2,5%",0%,0%,0%,0%,0%,0%,0%,0%,0%,0%,0%,"0,711538461538462",0,"0,0576923076923077","0,230769230769231",0,0,0,0,01/04/1998,5,1,3,3,1,1,1,1
3,1998,2 Primavera,Abitato,XVII,e,massicciata,a,35,0,26,0,1,0,1,0,,,1,,,,,,,,1,,,,,,,,,1,1,,,,,,,,,1,,,0%,0%,"62,5%",0%,0%,0%,0%,0%,0%,"62,5%",0%,0%,0%,0%,0%,0%,0%,0%,"2,5%",15%,0%,0%,0%,0%,0%,0%,0%,0%,15%,0%,0%,"0,555555555555556",0,"0,412698412698413",0,"0,0158730158730159",0,"0,0158730158730159",0,01/04/1998,5,1,4,1,2,1,2,1
4,1998,1 Inverno,Campagna,XVIII,l,bosco,c,37,0,15,10,10,10,0,0,1,,,,,,,,,,1,,,,,1,1,,,1,1,,1,,,,,1,,,,,"62,5%",0%,0%,0%,0%,0%,0%,0%,0%,"62,5%",0%,0%,0%,0%,"2,5%","2,5%",0%,0%,15%,15%,0%,15%,0%,0%,0%,0%,15%,0%,0%,0%,0%,"0,451219512195122",0,"0,182926829268293","0,121951219512195","0,121951219512195","0,121951219512195",0,0,01/02/1998,4,1,3,3,3,3,1,1
5,1998,1 Inverno,Campagna,XVIII,m,prato,b,27,0,9,23,3,0,0,0,,1,,,,,,,,,1,,,,,,,,,1,1,,,,,,,1,,,,,0%,"62,5%",0%,0%,0%,0%,0%,0%,0%,"62,5%",0%,0%,0%,0%,0%,0%,0%,0%,"2,5%","2,5%",0%,0%,0%,0%,0%,0%,"37,5%",0%,0%,0%,0%,"0,435483870967742",0,"0,145161290322581","0,370967741935484","0,0483870967741936",0,0,0,01/02/1998,4,1,3,4,2,1,1,1
6,1998,1 Inverno,Campagna,XVIII,d,prato,b,33,0,37,37,4,0,0,2,,1,,,,,,,,,1,,,,,,1,,,1,1,,1,,,,,1,,,,,0%,"37,5%",0%,0%,0%,0%,0%,0%,0%,"37,5%",0%,0%,0%,0%,0%,"2,5%",0%,0%,"2,5%",15%,0%,"62,5%",0%,0%,0%,0%,"62,5%",0%,0%,0%,0%,"0,292035398230088",0,"0,327433628318584","0,327433628318584","0,0353982300884956",0,0,"0,0176991150442478",01/02/1998,4,1,4,4,2,1,1,2
7,1998,1 Inverno,Campagna,XVIII,e,strada,a,37,0,12,37,0,0,0,0,,1,,,,,,,,,1,,,,,,,,,,1,,1,,,,,1,,,,,0%,"37,5%",0%,0%,0%,0%,0%,0%,0%,"37,5%",0%,0%,0%,0%,0%,0%,0%,0%,0%,"2,5%",0%,"62,5%",0%,0%,0%,0%,"62,5%",0%,0%,0%,0%,"0,430232558139535",0,"0,13953488372093","0,430232558139535",0,0,0,0,01/02/1998,4,1,3,4,1,1,1,1
8,1998,1 Inverno,Campagna,XVIII,e,strada,a,29,0,29,7,4,0,0,1,1,,,,,,,,,,1,,,,,,1,,,1,1,,,,,,,1,,,,,"37,5%",0%,0%,0%,0%,0%,0%,0%,0%,"37,5%",0%,0%,0%,0%,0%,"2,5%",0%,0%,"2,5%","37,5%",0%,0%,0%,0%,0%,0%,15%,0%,0%,0%,0%,"0,414285714285714",0,"0,414285714285714","0,1","0,0571428571428571",0,0,"0,0142857142857143",01/02/1998,4,1,4,3,3,1,1,2
9,1998,1 Inverno,Campagna,XVIII,e,strada,a,7,0,12,28,0,0,0,0,,1,,,,,,,,,1,,,,,,,,,,1,,1,,,,,1,,,,,0%,"37,5%",0%,0%,0%,0%,0%,0%,0%,"37,5%",0%,0%,0%,0%,0%,0%,0%,0%,0%,15%,0%,"37,5%",0%,0%,0%,0%,"37,5%",0%,0%,0%,0%,"0,148936170212766",0,"0,25531914893617","0,595744680851064",0,0,0,0,01/02/1998,3,1,4,5,1,1,1,1
10,1998,1 Inverno,Campagna,XVIII,e,strada,a,33,0,5,12,6,0,0,0,1,,,,,,,,,,1,,,,,1,,,,1,1,,1,,,,,1,,,,,"62,5%",0%,0%,0%,0%,0%,0%,0%,0%,"62,5%",0%,0%,0%,0%,"2,5%",0%,0%,0%,"2,5%",15%,0%,"37,5%",0%,0%,0%,0%,"37,5%",0%,0%,0%,0%,"0,589285714285714",0,"0,0892857142857143","0,214285714285714","0,107142857142857",0,0,0,01/02/1998,5,1,3,3,3,1,1,1
11,1998,1 Inverno,Campagna,XVIII,f,prato,b,34,0,7,1,4,0,0,0,,,,,,1,,,,,1,,,,,,1,,,1,1,1,,,,,,1,,,,,0%,0%,0%,0%,0%,85%,0%,0%,0%,85%,0%,0%,0%,0%,0%,"2,5%",0%,0%,"2,5%","2,5%","2,5%",0%,0%,0%,0%,0%,"2,5%",0%,0%,0%,0%,"0,739130434782609",0,"0,152173913043478","0,0217391304347826","0,0869565217391304",0,0,0,01/02/1998,5,1,3,2,3,1,1,1
12,1998,1 Inverno,Campagna,XVIII,g,bosco,c,19,0,6,21,0,0,0,5,1,1,,,,,,,,,1,,,,,,,,,,1,,1,,,,,1,,,,,0%,"37,5%",0%,0%,0%,0%,0%,0%,0%,"37,5%",0%,0%,0%,0%,0%,0%,0%,0%,0%,"2,5%",0%,"37,5%",0%,0%,0%,0%,"37,5%",0%,0%,0%,0%,"0,372549019607843",0,"0,117647058823529","0,411764705882353",0,0,0,"0,0980392156862745",01/02/1998,4,1,3,4,1,1,1,3
13,1998,1 Inverno,Campagna,XVIII,h,prato,b,36,0,0,30,1,0,0,0,1,,,,,,,,,,1,,,,,,1,,,1,,,1,,,,,1,,,,,"62,5%",0%,0%,0%,0%,0%,0%,0%,0%,"62,5%",0%,0%,0%,0%,0%,"2,5%",0%,0%,"2,5%",0%,0%,"37,5%",0%,0%,0%,0%,"37,5%",0%,0%,0%,0%,"0,537313432835821",0,0,"0,447761194029851","0,0149253731343284",0,0,0,01/02/1998,5,1,1,4,2,1,1,1
14,1998,1 Inverno,Campagna,XVIII,d,prato,b,0,0,29,8,19,0,0,4,,,,,,,,,,,,,,,,1,,,,1,1,,1,,,,,1,,,,,0%,0%,0%,0%,0%,0%,0%,0%,0%,0%,0%,0%,0%,0%,"2,5%",0%,0%,0%,"2,5%","62,5%",0%,"37,5%",0%,0%,0%,0%,"37,5%",0%,0%,0%,0%,0,0,"0,483333333333333","0,133333333333333","0,316666666666667",0,0,"0,0666666666666667",01/02/1998,1,1,4,3,4,1,1,3
15,1998,1 Inverno,Campagna,VIII,a,prato,b,36,0,19,34,11,0,0,8,,,,,,,,,,,,,,,,,1,,,1,1,,1,,,,,1,,,,,0%,0%,0%,0%,0%,0%,0%,0%,0%,0%,0%,0%,0%,0%,0%,"2,5%",0%,0%,"2,5%","62,5%",0%,15%,0%,0%,0%,0%,15%,0%,0%,0%,0%,"0,333333333333333",0,"0,175925925925926","0,314814814814815","0,101851851851852",0,0,"0,0740740740740741",01/02/1998,4,1,3,4,3,1,1,3
16,1998,1 Inverno,Campagna,VIII,f,bosco,c,37,2,12,10,1,0,0,0,,,,1,,,,,,,1,,,,1,,1,,,1,1,,1,,,,,1,,,,,0%,0%,0%,"37,5%",0%,0%,0%,0%,0%,"37,5%",0%,0%,0%,"37,5%",0%,"2,5%",0%,0%,"2,5%","2,5%",0%,15%,0%,0%,0%,0%,15%,0%,0%,0%,0%,"0,596774193548387","0,032258064516129","0,193548387096774","0,161290322580645","0,0161290322580645",0,0,0,01/02/1998,5,2,3,3,2,1,1,1
17,1998,1 Inverno,Campagna,III,d,prato,b,37,3,11,2,0,0,0,0,1,,,,,,,,,,1,,,,1,,,,,,1,,,,,,,1,,,,,"37,5%",0%,0%,0%,0%,0%,0%,0%,0%,"37,5%",0%,0%,0%,"37,5%",0%,0%,0%,0%,0%,"2,5%",0%,0%,0%,0%,0%,0%,15%,0%,0%,0%,0%,"0,69811320754717","0,0566037735849057","0,207547169811321","0,0377358490566038",0,0,0,0,01/02/1998,5,3,3,2,1,1,1,1
18,1998,1 Inverno,Abitato,XX,a,prato,d,37,0,37,0,1,0,0,0,1,,,,1,,,,,,1,,,,,,1,,,1,1,,,,,,,,,,,,15%,0%,0%,0%,"62,5%",0%,0%,0%,0%,85%,0%,0%,0%,0%,0%,"2,5%",0%,0%,"2,5%",15%,0%,0%,0%,0%,0%,0%,0%,0%,0%,0%,0%,"0,493333333333333",0,"0,493333333333333",0,"0,0133333333333333",0,0,0,01/02/1998,4,1,4,1,2,1,1,1
19,1998,1 Inverno,Abitato,XX,b,prato,d,36,0,3,3,0,0,1,1,,,,1,,,,,,,1,,,,,,,,,,1,1,,,,,,1,,1,,1,0%,0%,0%,85%,0%,0%,0%,0%,0%,85%,0%,0%,0%,0%,0%,0%,0%,0%,0%,"2,5%",15%,0%,0%,0%,0%,0%,15%,0%,"2,5%",0%,"2,5%","0,818181818181818",0,"0,0681818181818182","0,0681818181818182",0,0,"0,0227272727272727","0,0227272727272727",01/02/1998,6,1,3,3,1,1,2,2
20,1998,1 Inverno,Abitato,XX,a,prato,d,0,0,2,1,0,0,16,0,,,,,,,,,,,,,,,,,,,,,1,1,,,,,,1,,1,,,0%,0%,0%,0%,0%,0%,0%,0%,0%,0%,0%,0%,0%,0%,0%,0%,0%,0%,0%,"2,5%","2,5%",0%,0%,0%,0%,0%,"2,5%",0%,85%,0%,0%,0,0,"0,105263157894737","0,0526315789473684",0,0,"0,842105263157895",0,01/02/1998,1,1,3,3,1,1,6,1
21,1998,1 Inverno,Abitato,XIV,b,massicciata,a,33,4,13,24,0,0,0,5,,,,1,,,,,,,1,,1,,1,,,,,,1,1,,,,,,1,,,,1,0%,0%,0%,"37,5%",0%,0%,0%,0%,0%,"37,5%",0%,"37,5%",0%,"37,5%",0%,0%,0%,0%,0%,"2,5%","2,5%",0%,0%,0%,0%,0%,"2,5%",0%,0%,0%,15%,"0,417721518987342","0,0506329113924051","0,164556962025316","0,30379746835443",0,0,0,"0,0632911392405063",01/02/1998,4,3,3,4,1,1,1,3
22,1998,1 Inverno,Abitato,XIV,b,massicciata,a,26,32,8,8,1,0,0,0,1,,,,,,,,,,1,,1,,1,,,,,1,1,1,,,,,,1,,,,,15%,0%,0%,0%,0%,0%,0%,0%,0%,15%,0%,"37,5%",0%,"37,5%",0%,0%,0%,0%,"2,5%",15%,15%,0%,0%,0%,0%,0%,15%,0%,0%,0%,0%,"0,346666666666667","0,426666666666667","0,106666666666667","0,106666666666667","0,0133333333333333",0,0,0,01/02/1998,4,4,3,3,2,1,1,1
23,1998,1 Inverno,Abitato,XIV,b,massicciata,a,36,0,30,9,0,0,0,0,,,,1,,,,,,,1,,,,,,,,,,1,1,,,,,,1,,,,,0%,0%,0%,85%,0%,0%,0%,0%,0%,85%,0%,0%,0%,0%,0%,0%,0%,0%,0%,15%,15%,0%,0%,0%,0%,0%,15%,0%,0%,0%,0%,"0,48",0,"0,4","0,12",0,0,0,0,01/02/1998,4,1,4,3,1,1,1,1
24,1998,1 Inverno,Abitato,XIV,b,massicciata,a,37,0,15,0,0,0,0,0,,,,1,,,,,,,1,,,,,,,,,,1,,,,,,,,,,,,0%,0%,0%,"97,5%",0%,0%,0%,0%,0%,"97,5%",0%,0%,0%,0%,0%,0%,0%,0%,0%,"2,5%",0%,0%,0%,0%,0%,0%,0%,0%,0%,0%,0%,"0,711538461538462",0,"0,288461538461538",0,0,0,0,0,01/02/1998,5,1,4,1,1,1,1,1
25,1998,1 Inverno,Abitato,XII,e,bosco,c,0,0,36,1,3,0,0,0,,,,,,,1,,,,1,,,,,,,,,1,1,1,,,,,,1,,,,,0%,0%,0%,0%,0%,0%,0%,85%,0%,85%,0%,0%,0%,0%,0%,0%,0%,0%,"2,5%","2,5%","2,5%",0%,0%,0%,0%,0%,"2,5%",0%,0%,0%,0%,0,0,"0,9","0,025","0,075",0,0,0,01/02/1998,1,1,6,2,3,1,1,1
26,1998,1 Inverno,Abitato,XVII,b,bosco,c,4,31,1,0,0,0,0,0,1,,,,,,,,,,1,,1,,1,,,,,,1,,,,,,,,,,,,"37,5%",0%,0%,0%,0%,0%,0%,0%,0%,"37,5%",0%,"62,5%",0%,"62,5%",0%,0%,0%,0%,0%,"2,5%",0%,0%,0%,0%,0%,0%,0%,0%,0%,0%,0%,"0,111111111111111","0,861111111111111","0,0277777777777778",0,0,0,0,0,01/03/1998,3,6,2,1,1,1,1,1
27,1998,1 Inverno,Abitato,XVII,b,bosco,c,0,0,36,36,0,0,0,0,,,,,,,,,,,,,,,,,,,,,1,1,,,,,,1,,,,,0%,0%,0%,0%,0%,0%,0%,0%,0%,0%,0%,0%,0%,0%,0%,0%,0%,0%,0%,"37,5%","37,5%",0%,0%,0%,0%,0%,"37,5%",0%,0%,0%,0%,0,0,"0,5","0,5",0,0,0,0,01/03/1998,1,1,5,5,1,1,1,1
28,1998,1 Inverno,Abitato,XX,c,prato,b,34,0,16,0,0,0,1,0,,,,1,,,,,,,1,,,,,,,,,,1,,,,,,,,,1,,,0%,0%,0%,85%,0%,0%,0%,0%,0%,85%,0%,0%,0%,0%,0%,0%,0%,0%,0%,"2,5%",0%,0%,0%,0%,0%,0%,0%,0%,15%,0%,0%,"0,666666666666667",0,"0,313725490196078",0,0,0,"0,0196078431372549",0,01/03/1998,5,1,4,1,1,1,2,1
29,1998,1 Inverno,Abitato,XX,c,prato,b,37,0,3,0,0,0,0,0,,,,1,,,,,,,1,,,,,,,,,,1,,,,,,,,,,,,0%,0%,0%,"97,5%",0%,0%,0%,0%,0%,"97,5%",0%,0%,0%,0%,0%,0%,0%,0%,0%,"2,5%",0%,0%,0%,0%,0%,0%,0%,0%,0%,0%,0%,"0,925",0,"0,075",0,0,0,0,0,01/03/1998,6,1,3,1,1,1,1,1
30,1998,1 Inverno,Abitato,XIV,i,bosco,b,13,0,32,6,0,0,0,0,,,,,,,,,,,1,,,,,,,,,,1,1,,,,,,1,,,,,0%,0%,0%,0%,0%,0%,0%,0%,0%,85%,0%,0%,0%,0%,0%,0%,0%,0%,0%,15%,"2,5%",0%,0%,0%,0%,0%,"2,5%",0%,0%,0%,0%,"0,254901960784314",0,"0,627450980392157","0,117647058823529",0,0,0,0,01/03/1998,4,1,5,3,1,1,1,1
31,1998,1 Inverno,Abitato,XII,e,bosco,c,26,0,26,0,0,0,0,0,,,,,,,1,,,,1,,,,,,,,,,1,,,,,,,,,,,,0%,0%,0%,0%,0%,0%,0%,85%,0%,85%,0%,0%,0%,0%,0%,0%,0%,0%,0%,15%,0%,0%,0%,0%,0%,0%,0%,0%,0%,0%,0%,"0,5",0,"0,5",0,0,0,0,0,01/03/1998,5,1,5,1,1,1,1,1
32,1998,1 Inverno,Abitato,XII,g,bosco,c,0,28,30,0,0,0,0,0,,,,,,,,,,,,,1,,1,,,,,,1,,,,,,,,,,,,0%,0%,0%,0%,0%,0%,0%,0%,0%,0%,0%,85%,0%,85%,0%,0%,0%,0%,0%,15%,0%,0%,0%,0%,0%,0%,0%,0%,0%,0%,0%,0,"0,482758620689655","0,517241379310345",0,0,0,0,0,01/03/1998,1,4,5,1,1,1,1,1
33,1998,1 Inverno,Abitato,XII,g,bosco,c,0,37,0,0,0,0,0,0,,,,,,,,,,,,,1,,1,,,,,,,,,,,,,,,,,,0%,0%,0%,0%,0%,0%,0%,0%,0%,0%,0%,"97,5%",0%,"97,5%",0%,0%,0%,0%,0%,0%,0%,0%,0%,0%,0%,0%,0%,0%,0%,0%,0%,0,1,0,0,0,0,0,0,01/03/1998,1,7,1,1,1,1,1,1
34,1998,1 Inverno,Abitato,XII,g,bosco,c,0,37,2,0,0,0,0,0,,,,,,,,,,,,,1,,1,,,,,,1,,,,,,,,,,,,0%,0%,0%,0%,0%,0%,0%,0%,0%,0%,0%,"97,5%",0%,"97,5%",0%,0%,0%,0%,0%,"2,5%",0%,0%,0%,0%,0%,0%,0%,0%,0%,0%,0%,0,"0,948717948717949","0,0512820512820513",0,0,0,0,0,01/03/1998,1,6,3,1,1,1,1,1
35,1998,1 Inverno,Campagna,III,a,bosco,c,36,0,2,0,0,0,0,0,,1,,,,,,,,,1,,,,,,,,,,1,,,,,,,,,,,,0%,"97,5%",0%,0%,0%,0%,0%,0%,0%,"97,5%",0%,0%,0%,0%,0%,0%,0%,0%,0%,"2,5%",0%,0%,0%,0%,0%,0%,0%,0%,0%,0%,0%,"0,947368421052632",0,"0,0526315789473684",0,0,0,0,0,01/03/1998,6,1,3,1,1,1,1,1
36,1998,1 Inverno,Campagna,III,n,prato,b,34,0,18,0,15,0,0,0,1,,,,,,,,,,1,,,,,1,,,,1,1,,,,,,,,,,,,85%,0%,0%,0%,0%,0%,0%,0%,0%,85%,0%,0%,0%,0%,"2,5%",0%,0%,0%,"2,5%","2,5%",0%,0%,0%,0%,0%,0%,0%,0%,0%,0%,0%,"0,507462686567164",0,"0,26865671641791",0,"0,223880597014925",0,0,0,01/03/1998,5,1,4,1,3,1,1,1
37,1998,1 Inverno,Campagna,III,d,prato,b,37,0,35,3,29,0,0,0,,,,1,,,,,,,1,,,,,1,,,,1,1,,,,,,1,1,,,,,0%,0%,0%,"37,5%",0%,0%,0%,0%,0%,"37,5%",0%,0%,0%,0%,15%,0%,0%,0%,15%,15%,0%,0%,0%,0%,0%,"2,5%","2,5%",0%,0%,0%,0%,"0,355769230769231",0,"0,336538461538462","0,0288461538461538","0,278846153846154",0,0,0,01/03/1998,4,1,4,2,4,1,1,1
38,1998,1 Inverno,Campagna,XI,h,prato,b,37,0,14,0,0,0,0,0,,1,,,,,,,,,1,,,,,,,,,,1,,,,,,,,,,,,0%,85%,0%,0%,0%,0%,0%,0%,0%,85%,0%,0%,0%,0%,0%,0%,0%,0%,0%,15%,0%,0%,0%,0%,0%,0%,0%,0%,0%,0%,0%,"0,725490196078431",0,"0,274509803921569",0,0,0,0,0,01/03/1998,5,1,4,1,1,1,1,1
39,1998,1 Inverno,Campagna,XI,i,prato,b,36,0,31,14,9,0,0,0,,,,,,,,1,,,1,,,,,1,,,,1,1,,,,1,,,1,,,,,0%,0%,0%,0%,0%,0%,0%,85%,0%,85%,0%,0%,0%,0%,"2,5%",0%,0%,0%,"2,5%","2,5%",0%,0%,0%,15%,0%,0%,15%,0%,0%,0%,0%,"0,4",0,"0,344444444444444","0,155555555555556","0,1",0,0,0,01/03/1998,4,1,4,3,3,1,1,1
40,1998,1 Inverno,Campagna,XI,h,prato,b,37,0,6,6,1,0,0,0,,,,1,,,,,,,1,,,,,,,,,,1,,,,,,,1,,,,,0%,0%,0%,85%,0%,0%,0%,0%,0%,85%,0%,0%,0%,0%,0%,0%,0%,0%,0%,"2,5%",0%,0%,0%,0%,0%,0%,15%,0%,0%,0%,0%,"0,74",0,"0,12","0,12","0,02",0,0,0,01/03/1998,5,1,3,3,2,1,1,1
41,1998,1 Inverno,Campagna,VIII,a,prato,b,0,0,25,20,0,0,0,0,,,,,,,,,,,,,,,,,1,,,1,1,,,,,,,1,,,1,,0%,0%,0%,0%,0%,0%,0%,0%,0%,0%,0%,0%,0%,0%,0%,"2,5%",0%,0%,"2,5%",15%,0%,0%,0%,0%,0%,0%,"62,5%",0%,0%,"2,5%",0%,0,0,"0,555555555555556","0,444444444444444",0,0,0,0,01/03/1998,1,1,5,4,1,1,1,1
42,1998,1 Inverno,Campagna,VIII,h,bosco,c,0,24,22,2,0,0,0,0,,,,,,,,,,,,1,,,1,,,,,1,1,,,,,,,1,,,1,,0%,0%,0%,0%,0%,0%,0%,0%,0%,0%,85%,0%,0%,85%,0%,0%,0%,0%,"2,5%",15%,0%,0%,0%,0%,0%,0%,"2,5%",0%,0%,"2,5%",0%,0,"0,5","0,458333333333333","0,0416666666666667",0,0,0,0,01/03/1998,1,5,4,2,1,1,1,1
43,1998,1 Inverno,Campagna,VIII,g,bosco,c,37,0,14,0,1,0,0,0,,,,1,,,,,,,1,,,,,,,,,,1,,,,,,,,,,,,0%,0%,0%,85%,0%,0%,0%,0%,0%,85%,0%,0%,0%,0%,0%,0%,0%,0%,0%,15%,0%,0%,0%,0%,0%,0%,0%,0%,0%,0%,0%,"0,711538461538462",0,"0,269230769230769",0,"0,0192307692307692",0,0,0,01/03/1998,5,1,4,1,2,1,1,1
44,1998,1 Inverno,Campagna,VIII,c,bosco,a,0,1,1,17,6,0,0,0,,,,,,,,,,,,,1,,1,,1,,1,1,1,,,,,,,1,,,,,0%,0%,0%,0%,0%,0%,0%,0%,0%,0%,0%,"37,5%",0%,"37,5%",0%,"2,5%",0%,15%,15%,15%,0%,0%,0%,0%,0%,0%,"37,5%",0%,0%,0%,0%,0,"0,04","0,04","0,68","0,24",0,0,0,01/03/1998,1,2,2,5,3,1,1,1
45,1998,1 Inverno,Campagna,XVIII,d,prato,b,36,0,3,20,0,0,0,0,,,,,,,1,,,,1,,,,,,,,,,1,,,,,,1,1,,,,,0%,0%,0%,0%,0%,0%,0%,85%,0%,85%,0%,0%,0%,0%,0%,0%,0%,0%,0%,"2,5%",0%,0%,0%,0%,0%,15%,15%,0%,0%,0%,0%,"0,610169491525424",0,"0,0508474576271187","0,338983050847458",0,0,0,0,01/03/1998,5,1,3,4,1,1,1,1
46,1998,1 Inverno,Campagna,XVIII,d,prato,b,17,9,28,11,3,0,0,0,1,,,,,,,,,,1,,1,,1,,1,,,1,1,,,,,,,1,,,,,15%,0%,0%,0%,0%,0%,0%,0%,0%,15%,0%,15%,0%,15%,0%,"2,5%",0%,0%,"2,5%","2,5%",0%,0%,0%,0%,0%,0%,"37,5%",0%,0%,0%,0%,"0,25","0,132352941176471","0,411764705882353","0,161764705882353","0,0441176470588235",0,0,0,01/03/1998,4,3,4,3,2,1,1,1
47,1998,1 Inverno,Campagna,XVIII,d,prato,b,5,34,0,37,0,0,0,0,,1,,,,,,,,,1,,1,,1,,,,,,,,1,,,,,1,,,,,0%,15%,0%,0%,0%,0%,0%,0%,0%,15%,0%,"37,5%",0%,"37,5%",0%,0%,0%,0%,0%,0%,0%,15%,0%,0%,0%,0%,15%,0%,0%,0%,0%,"0,0657894736842105","0,447368421052632",0,"0,486842105263158",0,0,0,0,01/03/1998,3,4,1,4,1,1,1,1
48,1998,1 Inverno,Campagna,XVIII,f,prato,b,37,0,8,15,0,0,0,0,,1,,,,,,,,,1,,,,,,,,,,1,,1,,,,,1,,,,,0%,85%,0%,0%,0%,0%,0%,0%,0%,85%,0%,0%,0%,0%,0%,0%,0%,0%,0%,"2,5%",0%,15%,0%,0%,0%,0%,15%,0%,0%,0%,0%,"0,616666666666667",0,"0,133333333333333","0,25",0,0,0,0,01/03/1998,5,1,3,4,1,1,1,1
49,1998,2 Primavera,Abitato,XVII,b,bosco,c,37,0,10,0,7,0,0,0,,,,,,,1,,,,1,,,,,,1,,,1,1,,,,,,,,,,,,0%,0%,0%,0%,0%,0%,0%,85%,0%,85%,0%,0%,0%,0%,0%,"2,5%",0%,0%,"2,5%",15%,0%,0%,0%,0%,0%,0%,0%,0%,0%,0%,0%,"0,685185185185185",0,"0,185185185185185",0,"0,12962962962963",0,0,0,01/04/1998,5,1,3,1,3,1,1,1
50,1998,1 Inverno,Campagna,III,n,prato,b,36,0,30,3,0,0,0,1,1,,,,,,,,,,1,,,,,,,,,,1,,,,,,,1,,,,,85%,0%,0%,0%,0%,0%,0%,0%,0%,85%,0%,0%,0%,0%,0%,0%,0%,0%,0%,"2,5%",0%,0%,0%,0%,0%,0%,"2,5%",0%,0%,0%,0%,"0,514285714285714",0,"0,428571428571429","0,0428571428571429",0,0,0,"0,0142857142857143",01/02/1998,5,1,4,2,1,1,1,2
51,1998,1 Inverno,Campagna,XI,d,bosco,c,37,0,37,0,0,0,0,0,,,,,,,1,,,,1,,,,,,,,,,1,1,,,,,,1,,,,,0%,0%,0%,0%,0%,0%,0%,85%,0%,85%,0%,0%,0%,0%,0%,0%,0%,0%,0%,"2,5%","2,5%",0%,0%,0%,0%,0%,"2,5%",0%,0%,0%,0%,"0,5",0,"0,5",0,0,0,0,0,01/02/1998,5,1,5,1,1,1,1,1
52,1998,1 Inverno,Campagna,V,b,prato,b,0,0,33,10,3,0,0,1,,,,,,,,,,,,,,,,,,,,1,1,,,,,,,1,,,,,0%,0%,0%,0%,0%,0%,0%,0%,0%,0%,0%,0%,0%,0%,0%,0%,0%,0%,"2,5%",15%,0%,0%,0%,0%,0%,0%,85%,0%,0%,0%,0%,0,0,"0,702127659574468","0,212765957446808","0,0638297872340425",0,0,"0,0212765957446808",01/02/1998,1,1,5,3,3,1,1,2
53,1998,1 Inverno,Abitato,XIX,h,bosco,b,37,16,0,0,0,0,0,0,,,,1,,,,,,,1,,1,,1,,,,,,,,,,,,,,,,,,0%,0%,0%,"37,5%",0%,0%,0%,0%,0%,"37,5%",0%,"37,5%",0%,"37,5%",0%,0%,0%,0%,0%,0%,0%,0%,0%,0%,0%,0%,0%,0%,0%,0%,0%,"0,69811320754717","0,30188679245283",0,0,0,0,0,0,01/02/1998,5,4,1,1,1,1,1,1
54,1998,1 Inverno,Abitato,XVII,f,massicciata,b,0,35,13,18,5,0,0,5,,,,,,,,,,,,,1,,1,1,1,,,1,1,,1,,,,,1,,,,1,0%,0%,0%,0%,0%,0%,0%,0%,0%,0%,0%,"37,5%",0%,"37,5%","2,5%","2,5%",0%,0%,15%,15%,0%,"37,5%",0%,0%,0%,0%,"37,5%",0%,0%,0%,15%,0,"0,460526315789474","0,171052631578947","0,236842105263158","0,0657894736842105",0,0,"0,0657894736842105",01/02/1998,1,4,3,3,3,1,1,3
55,1998,1 Inverno,Abitato,XVII,c,massicciata,a,37,0,18,9,0,0,0,2,,,,,,,1,,,,1,,,,,,,,,,1,1,,,,,,1,,,,,0%,0%,0%,0%,0%,0%,0%,85%,0%,85%,0%,0%,0%,0%,0%,0%,0%,0%,0%,"2,5%","2,5%",0%,0%,0%,0%,0%,"2,5%",0%,0%,0%,0%,"0,560606060606061",0,"0,272727272727273","0,136363636363636",0,0,0,"0,0303030303030303",01/02/1998,5,1,4,3,1,1,1,2
56,1998,2 Primavera,Abitato,XX,b,prato,d,37,0,29,0,0,0,4,0,,,,,,,,,,,,,,,,,,,,,1,,,,,,,,,1,,,0%,0%,0%,0%,0%,0%,0%,0%,0%,0%,0%,0%,0%,0%,0%,0%,0%,0%,0%,15%,0%,0%,0%,0%,0%,0%,0%,0%,85%,0%,0%,"0,528571428571429",0,"0,414285714285714",0,0,0,"0,0571428571428571",0,01/04/1998,5,1,4,1,1,1,3,1
57,1998,2 Primavera,Abitato,XIV,b,massicciata,a,36,0,13,0,0,0,0,0,,,,,,,1,,,,1,,,,,,,,,,1,,,,,,,,,,,,0%,0%,0%,0%,0%,0%,0%,"97,5%",0%,"97,5%",0%,0%,0%,0%,0%,0%,0%,0%,0%,"2,5%",0%,0%,0%,0%,0%,0%,0%,0%,0%,0%,0%,"0,73469387755102",0,"0,26530612244898",0,0,0,0,0,01/04/1998,5,1,4,1,1,1,1,1
58,1998,2 Primavera,Abitato,XIV,b,massicciata,a,37,13,12,0,5,0,0,0,,,,,,1,,,,,1,,1,,1,,,,1,1,1,,,,,,,,,,,,0%,0%,0%,0%,0%,"37,5%",0%,0%,0%,"37,5%",0%,"37,5%",0%,"37,5%",0%,0%,0%,"2,5%","2,5%","2,5%",0%,0%,0%,0%,0%,0%,0%,0%,0%,0%,0%,"0,552238805970149","0,194029850746269","0,17910447761194",0,"0,0746268656716418",0,0,0,01/04/1998,5,3,3,1,3,1,1,1
59,1998,2 Primavera,Campagna,III,b,prato,b,37,0,2,4,7,0,0,0,,,,1,,,,,,,1,,,,,1,,,,1,1,,,,,,,1,,,,,0%,0%,0%,85%,0%,0%,0%,0%,0%,85%,0%,0%,0%,0%,"2,5%",0%,0%,0%,"2,5%","2,5%",0%,0%,0%,0%,0%,0%,"2,5%",0%,0%,0%,0%,"0,74",0,"0,04","0,08","0,14",0,0,0,01/04/1998,5,1,2,3,3,1,1,1
60,1998,2 Primavera,Campagna,III,l,strada,a,35,2,15,15,0,0,0,0,,,,1,,,,,,,1,,1,,1,,,,,,1,,,,1,,,1,,,,,0%,0%,0%,"37,5%",0%,0%,0%,0%,0%,"37,5%",0%,"37,5%",0%,"37,5%",0%,0%,0%,0%,0%,"2,5%",0%,0%,0%,15%,0%,0%,15%,0%,0%,0%,0%,"0,522388059701493","0,0298507462686567","0,223880597014925","0,223880597014925",0,0,0,0,01/04/1998,5,2,3,3,1,1,1,1
61,1998,2 Primavera,Campagna,V,e,strada,b,37,0,2,0,0,0,0,0,1,,,1,,,,,,,1,,,,,,,,,,1,,,,,,,,,,,,"37,5%",0%,0%,"62,5%",0%,0%,0%,0%,0%,"97,5%",0%,0%,0%,0%,0%,0%,0%,0%,0%,"2,5%",0%,0%,0%,0%,0%,0%,0%,0%,0%,0%,0%,"0,948717948717949",0,"0,0512820512820513",0,0,0,0,0,01/04/1998,6,1,3,1,1,1,1,1
62,1998,2 Primavera,Campagna,V,e,strada,b,37,2,14,0,26,0,0,0,,,,1,,,,,,,1,1,,,1,1,1,,1,1,1,,,,,,,,,,,,0%,0%,0%,"37,5%",0%,0%,0%,0%,0%,"37,5%","37,5%",0%,0%,"37,5%","2,5%","2,5%",0%,15%,15%,15%,0%,0%,0%,0%,0%,0%,0%,0%,0%,0%,0%,"0,468354430379747","0,0253164556962025","0,177215189873418",0,"0,329113924050633",0,0,0,01/04/1998,4,2,3,1,4,1,1,1
63,1998,2 Primavera,Campagna,VIII,m,bosco,c,36,0,0,0,0,0,0,0,,,,1,,,,,,,1,,,,,,,,,,1,,,,,,,,,,,,0%,0%,0%,"97,5%",0%,0%,0%,0%,0%,"97,5%",0%,0%,0%,0%,0%,0%,0%,0%,0%,"2,5%",0%,0%,0%,0%,0%,0%,0%,0%,0%,0%,0%,1,0,0,0,0,0,0,0,01/04/1998,7,1,1,1,1,1,1,1
64,1998,2 Primavera,Campagna,VIII,m,bosco,c,37,0,8,1,0,0,0,0,1,,,,,,,,,,1,,,,,,,,,,1,,,,,,,1,,,,,85%,0%,0%,0%,0%,0%,0%,0%,0%,85%,0%,0%,0%,0%,0%,0%,0%,0%,0%,"2,5%",0%,0%,0%,0%,0%,0%,"2,5%",0%,0%,0%,0%,"0,804347826086956",0,"0,173913043478261","0,0217391304347826",0,0,0,0,01/04/1998,6,1,3,2,1,1,1,1
65,1998,2 Primavera,Campagna,XVIII,l,bosco,c,0,0,28,15,8,37,0,3,,,,,,,,,,,,,,,,1,,,,1,1,,,,,,,1,1,,1,1,0%,0%,0%,0%,0%,0%,0%,0%,0%,0%,0%,0%,0%,0%,"2,5%",0%,0%,0%,"2,5%",15%,0%,0%,0%,0%,0%,0%,15%,"37,5%",0%,"2,5%",15%,0,0,"0,307692307692308","0,164835164835165","0,0879120879120879","0,406593406593407",0,"0,032967032967033",01/04/1998,1,1,4,3,3,4,1,2
66,1998,2 Primavera,Campagna,XVIII,d,prato,b,37,0,29,0,0,0,8,0,,,,1,,,,,,,1,,,,,,,,,,1,,,,,,,,,1,,,0%,0%,0%,85%,0%,0%,0%,0%,0%,85%,0%,0%,0%,0%,0%,0%,0%,0%,0%,15%,0%,0%,0%,0%,0%,0%,0%,0%,15%,0%,0%,"0,5",0,"0,391891891891892",0,0,0,"0,108108108108108",0,01/04/1998,5,1,4,1,1,1,3,1
67,1998,2 Primavera,Campagna,XVIII,d,prato,b,5,0,32,0,23,0,0,0,1,,,,,,,,,,1,,,,,,1,,,1,1,,,,,,,,,,,,"62,5%",0%,0%,0%,0%,0%,0%,0%,0%,"62,5%",0%,0%,0%,0%,0%,"2,5%",0%,0%,"2,5%",15%,0%,0%,0%,0%,0%,0%,0%,0%,0%,0%,0%,"0,0833333333333333",0,"0,533333333333333",0,"0,383333333333333",0,0,0,01/04/1998,3,1,5,1,4,1,1,1
68,1998,2 Primavera,Campagna,XVIII,e,strada,a,0,0,29,0,0,0,6,0,,,,,,,,,,,,,,,,,,,,,1,,,,,,,,,1,,,0%,0%,0%,0%,0%,0%,0%,0%,0%,0%,0%,0%,0%,0%,0%,0%,0%,0%,0%,"37,5%",0%,0%,0%,0%,0%,0%,0%,0%,"62,5%",0%,0%,0,0,"0,828571428571429",0,0,0,"0,171428571428571",0,01/04/1998,1,1,6,1,1,1,3,1
69,1998,2 Primavera,Campagna,XVIII,f,prato,b,25,0,17,0,0,0,0,0,,1,,,,,,,,,1,,,,,,,,,,1,,,,,,,,,,,,0%,85%,0%,0%,0%,0%,0%,0%,0%,85%,0%,0%,0%,0%,0%,0%,0%,0%,0%,"2,5%",0%,0%,0%,0%,0%,0%,0%,0%,0%,0%,0%,"0,595238095238095",0,"0,404761904761905",0,0,0,0,0,01/04/1998,5,1,4,1,1,1,1,1
70,1998,2 Primavera,Campagna,XVIII,e,strada,a,34,0,34,0,10,0,0,0,,1,,,,,,,,,1,,,,,,1,,,1,1,,,,,,,,,,,,0%,85%,0%,0%,0%,0%,0%,0%,0%,85%,0%,0%,0%,0%,0%,"2,5%",0%,0%,"2,5%",15%,0%,0%,0%,0%,0%,0%,0%,0%,0%,0%,0%,"0,435897435897436",0,"0,435897435897436",0,"0,128205128205128",0,0,0,01/04/1998,4,1,4,1,3,1,1,1
71,1998,2 Primavera,Abitato,XIV,b,massicciata,a,35,6,10,0,0,0,0,1,,,,1,,,,,,,1,1,,,1,,,,,,1,,,,,,,,,,,1,0%,0%,0%,85%,0%,0%,0%,0%,0%,85%,15%,0%,0%,15%,0%,0%,0%,0%,0%,"2,5%",0%,0%,0%,0%,0%,0%,0%,0%,0%,0%,"2,5%","0,673076923076923","0,115384615384615","0,192307692307692",0,0,0,0,"0,0192307692307692",01/05/1998,5,3,3,1,1,1,1,2
72,1998,2 Primavera,Abitato,XVII,f,massicciata,b,18,0,0,0,0,0,0,0,1,,,,,,,,,,1,,,,,,,,,,,,,,,,,,,,,,"97,5%",0%,0%,0%,0%,0%,0%,0%,0%,"97,5%",0%,0%,0%,0%,0%,0%,0%,0%,0%,0%,0%,0%,0%,0%,0%,0%,0%,0%,0%,0%,0%,1,0,0,0,0,0,0,0,01/06/1998,7,1,1,1,1,1,1,1
73,1998,2 Primavera,Abitato,XVII,e,massicciata,a,37,18,4,0,0,0,0,0,,,,,,,,,,1,1,,1,,1,,,,,,1,,,,,,,,,,1,,0%,0%,0%,0%,0%,0%,"37,5%",0%,0%,"37,5%",0%,"37,5%",0%,"37,5%",0%,0%,0%,0%,0%,"2,5%",0%,0%,0%,0%,0%,0%,0%,0%,0%,"2,5%",0%,"0,627118644067797","0,305084745762712","0,0677966101694915",0,0,0,0,0,01/06/1998,5,4,3,1,1,1,1,1
74,1998,2 Primavera,Abitato,XVII,f,massicciata,b,35,2,0,3,8,0,0,0,,,,1,,,,,,,1,,1,,1,,,,,1,,,,,,,,1,,,,,0%,0%,0%,"37,5%",0%,0%,0%,0%,0%,"37,5%",0%,"37,5%",0%,"37,5%",0%,0%,0%,0%,"2,5%",0%,0%,0%,0%,0%,0%,0%,15%,0%,0%,0%,0%,"0,729166666666667","0,0416666666666667",0,"0,0625","0,166666666666667",0,0,0,01/06/1998,5,2,1,3,3,1,1,1
75,1998,2 Primavera,Abitato,XIV,b,massicciata,a,36,35,0,0,1,0,0,0,,,,1,,,,,,,1,,,1,1,,,,,1,,,,,,,,,,,,,0%,0%,0%,"37,5%",0%,0%,0%,0%,0%,"37,5%",0%,0%,"37,5%","37,5%",0%,0%,0%,0%,"2,5%",0%,0%,0%,0%,0%,0%,0%,0%,0%,0%,0%,0%,"0,5","0,486111111111111",0,0,"0,0138888888888889",0,0,0,01/06/1998,5,4,1,1,2,1,1,1
76,1998,2 Primavera,Abitato,XIV,b,massicciata,a,36,0,4,0,3,0,0,0,1,,,1,,,,,,,1,,,,,,1,,,1,1,,,,,,,,,,,,"37,5%",0%,0%,"62,5%",0%,0%,0%,0%,0%,85%,0%,0%,0%,0%,0%,"2,5%",0%,0%,"2,5%","2,5%",0%,0%,0%,0%,0%,0%,0%,0%,0%,0%,0%,"0,837209302325581",0,"0,0930232558139535",0,"0,0697674418604651",0,0,0,01/06/1998,6,1,3,1,3,1,1,1
77,1998,2 Primavera,Abitato,XIV,b,massicciata,a,0,27,1,6,3,0,0,0,,,,,,,,,,,,,1,,1,,1,,,1,1,,,,,,,,,,,,0%,0%,0%,0%,0%,0%,0%,0%,0%,0%,0%,"97,5%",0%,"97,5%",0%,"2,5%",0%,0%,"2,5%","2,5%",0%,0%,0%,0%,0%,0%,0%,0%,0%,0%,0%,0,"0,72972972972973","0,027027027027027","0,162162162162162","0,0810810810810811",0,0,0,01/06/1998,1,5,2,3,3,1,1,1
78,1998,2 Primavera,Abitato,XIV,b,massicciata,a,37,0,24,0,0,0,0,0,,,,1,,,,,,,1,,,,,,,,,,1,,,,,,,,,,,,0%,0%,0%,"97,5%",0%,0%,0%,0%,0%,"97,5%",0%,0%,0%,0%,0%,0%,0%,0%,0%,"2,5%",0%,0%,0%,0%,0%,0%,0%,0%,0%,0%,0%,"0,60655737704918",0,"0,39344262295082",0,0,0,0,0,01/06/1998,5,1,4,1,1,1,1,1
79,1998,2 Primavera,Campagna,III,h,strada,a,29,22,14,0,9,0,0,0,1,,,,,,,,,,1,1,,,1,,1,1,,1,1,,,,,,,,,,1,,"37,5%",0%,0%,0%,0%,0%,0%,0%,0%,"37,5%","37,5%",0%,0%,"37,5%",0%,"2,5%","2,5%",0%,15%,"2,5%",0%,0%,0%,0%,0%,0%,0%,0%,0%,"2,5%",0%,"0,391891891891892","0,297297297297297","0,189189189189189",0,"0,121621621621622",0,0,0,01/06/1998,4,4,3,1,3,1,1,1
80,1998,2 Primavera,Campagna,XVIII,m,prato,b,37,0,17,0,37,0,0,0,1,,,,,,,,,,1,,,,,,1,,,1,1,,,,,,,,,,,,"62,5%",0%,0%,0%,0%,0%,0%,0%,0%,"62,5%",0%,0%,0%,0%,0%,15%,0%,0%,15%,"2,5%",0%,0%,0%,0%,0%,0%,0%,0%,0%,0%,0%,"0,406593406593407",0,"0,186813186813187",0,"0,406593406593407",0,0,0,01/06/1998,4,1,3,1,4,1,1,1
81,1998,3 Estate,Abitato,XX,c,prato,b,35,0,2,0,34,0,0,0,,,,1,,,,,,,1,,,,,1,,,,1,1,,,,,,,,,,,,0%,0%,0%,85%,0%,0%,0%,0%,0%,85%,0%,0%,0%,0%,15%,0%,0%,0%,15%,"2,5%",0%,0%,0%,0%,0%,0%,0%,0%,0%,0%,0%,"0,492957746478873",0,"0,028169014084507",0,"0,47887323943662",0,0,0,01/07/1998,4,1,2,1,4,1,1,1
82,1998,3 Estate,Abitato,XX,c,prato,b,37,1,3,0,37,0,7,0,,,,,,,,,,,,,1,,1,1,,1,,1,1,,,,,,,,,1,,,0%,0%,0%,0%,0%,0%,0%,0%,0%,0%,0%,"37,5%",0%,"37,5%","2,5%",0%,15%,0%,15%,15%,0%,0%,0%,0%,0%,0%,0%,0%,"37,5%",0%,0%,"0,435294117647059","0,0117647058823529","0,0352941176470588",0,"0,435294117647059",0,"0,0823529411764706",0,01/07/1998,4,2,2,1,4,1,3,1
83,1998,3 Estate,Abitato,XX,c,prato,b,37,0,7,0,36,0,13,0,,,,1,,,,,,,1,,,,,1,,,,1,1,,,,,,,,,1,,,0%,0%,0%,"62,5%",0%,0%,0%,0%,0%,"62,5%",0%,0%,0%,0%,15%,0%,0%,0%,15%,"2,5%",0%,0%,0%,0%,0%,0%,0%,0%,15%,0%,0%,"0,397849462365591",0,"0,0752688172043011",0,"0,387096774193548",0,"0,139784946236559",0,01/07/1998,4,1,3,1,4,1,3,1
84,1998,3 Estate,Abitato,XIV,b,massicciata,a,37,0,17,0,0,0,0,0,,,,1,,,,,,,1,,,,,,,,,,1,,,,,,,,,,,,0%,0%,0%,"97,5%",0%,0%,0%,0%,0%,"97,5%",0%,0%,0%,0%,0%,0%,0%,0%,0%,"2,5%",0%,0%,0%,0%,0%,0%,0%,0%,0%,0%,0%,"0,685185185185185",0,"0,314814814814815",0,0,0,0,0,01/07/1998,5,1,4,1,1,1,1,1
85,1998,3 Estate,Abitato,XIV,b,massicciata,a,33,0,18,0,11,0,0,0,,,,1,,,,,,,1,,,,,,1,,,1,1,,,,,,,,,,,,0%,0%,0%,"62,5%",0%,0%,0%,0%,0%,"62,5%",0%,0%,0%,0%,0%,15%,0%,0%,15%,15%,0%,0%,0%,0%,0%,0%,0%,0%,0%,0%,0%,"0,532258064516129",0,"0,290322580645161",0,"0,17741935483871",0,0,0,01/07/1998,5,1,4,1,3,1,1,1
86,1998,3 Estate,Abitato,XII,b,prato,b,36,1,0,0,34,0,0,0,1,,,,,,,,,,1,,1,,1,1,,,,1,,,,,,,,,,,,,"37,5%",0%,0%,0%,0%,0%,0%,0%,0%,"37,5%",0%,"62,5%",0%,"62,5%","2,5%",0%,0%,0%,"2,5%",0%,0%,0%,0%,0%,0%,0%,0%,0%,0%,0%,0%,"0,507042253521127","0,0140845070422535",0,0,"0,47887323943662",0,0,0,01/07/1998,5,2,1,1,4,1,1,1
87,1998,3 Estate,Campagna,III,h,strada,a,35,2,25,6,0,0,0,0,,,,,,,,,,,,,,,1,,,,,,1,,,,,,,1,,,1,,0%,0%,0%,0%,0%,0%,0%,0%,0%,0%,0%,0%,0%,"62,5%",0%,0%,0%,0%,0%,15%,0%,0%,0%,0%,0%,0%,15%,0%,0%,"2,5%",0%,"0,514705882352941","0,0294117647058823","0,367647058823529","0,0882352941176471",0,0,0,0,01/07/1998,5,2,4,3,1,1,1,1
88,1998,3 Estate,Campagna,XVIII,f,prato,b,37,0,0,31,24,0,0,0,,,,,,1,,,,,1,,,,,1,1,,,1,,,,,,,,1,,,,,0%,0%,0%,0%,0%,"37,5%",0%,0%,0%,"37,5%",0%,0%,0%,0%,"2,5%","2,5%",0%,0%,15%,0%,0%,0%,0%,0%,0%,0%,15%,0%,0%,0%,0%,"0,402173913043478",0,0,"0,33695652173913","0,260869565217391",0,0,0,01/07/1998,4,1,1,4,4,1,1,1
89,1998,3 Estate,Abitato,XIV,b,massicciata,a,36,0,6,1,20,0,0,0,,,,1,,,,,,,1,,,,,,1,,,1,1,,,,,,,1,,,,,0%,0%,0%,85%,0%,0%,0%,0%,0%,85%,0%,0%,0%,0%,0%,"2,5%",0%,0%,"2,5%","2,5%",0%,0%,0%,0%,0%,0%,"2,5%",0%,0%,0%,0%,"0,571428571428571",0,"0,0952380952380952","0,0158730158730159","0,317460317460317",0,0,0,01/08/1998,5,1,3,2,4,1,1,1
90,1998,3 Estate,Abitato,XIV,b,massicciata,a,34,0,4,0,1,0,0,6,,,,1,,,,,,,1,,,,,,1,,,1,1,,,,,,,,,,,1,0%,0%,0%,85%,0%,0%,0%,0%,0%,85%,0%,0%,0%,0%,0%,"2,5%",0%,0%,"2,5%","2,5%",0%,0%,0%,0%,0%,0%,0%,0%,0%,0%,"2,5%","0,755555555555556",0,"0,0888888888888889",0,"0,0222222222222222",0,0,"0,133333333333333",01/08/1998,6,1,3,1,2,1,1,3
91,1998,3 Estate,Campagna,XVIII,d,prato,b,25,0,1,33,20,0,0,0,,,,,,,,,,1,1,,,,,1,,,,1,1,,1,,,,,1,,,,,0%,0%,0%,0%,0%,0%,85%,0%,0%,85%,0%,0%,0%,0%,"2,5%",0%,0%,0%,"2,5%","2,5%",0%,15%,0%,0%,0%,0%,15%,0%,0%,0%,0%,"0,316455696202532",0,"0,0126582278481013","0,417721518987342","0,253164556962025",0,0,0,01/08/1998,4,1,2,4,4,1,1,1
92,1998,3 Estate,Campagna,XVIII,f,prato,b,35,0,3,10,18,0,0,0,,,,,,,1,,,,1,,,,,1,,,,1,1,,,,,,,1,,,,,0%,0%,0%,0%,0%,0%,0%,85%,0%,85%,0%,0%,0%,0%,"2,5%",0%,0%,0%,"2,5%","2,5%",0%,0%,0%,0%,0%,0%,"2,5%",0%,0%,0%,0%,"0,53030303030303",0,"0,0454545454545455","0,151515151515152","0,272727272727273",0,0,0,01/08/1998,5,1,2,3,4,1,1,1
93,1998,3 Estate,Campagna,V,d,strada,a,37,0,5,0,34,0,0,0,1,,,,,,,,,,1,,,,,1,,,,1,1,,,,,,,,,,,,85%,0%,0%,0%,0%,0%,0%,0%,0%,85%,0%,0%,0%,0%,"2,5%",0%,0%,0%,"2,5%","2,5%",0%,0%,0%,0%,0%,0%,0%,0%,0%,0%,0%,"0,486842105263158",0,"0,0657894736842105",0,"0,447368421052632",0,0,0,01/08/1998,4,1,3,1,4,1,1,1
94,1998,3 Estate,Campagna,V,h,strada,a,21,0,0,31,17,0,0,0,1,,,,,,,,,,1,,,,,1,,,,1,1,,,,,,,1,,,,,85%,0%,0%,0%,0%,0%,0%,0%,0%,85%,0%,0%,0%,0%,"2,5%",0%,0%,0%,"2,5%","2,5%",0%,0%,0%,0%,0%,0%,15%,0%,0%,0%,0%,"0,304347826086957",0,0,"0,449275362318841","0,246376811594203",0,0,0,01/08/1998,4,1,1,4,3,1,1,1
95,1998,3 Estate,Campagna,III,i,prato,b,36,0,0,0,0,0,0,0,1,,,,,,,,,,1,,,,,,,,,,,,,,,,,,,,,,"97,5%",0%,0%,0%,0%,0%,0%,0%,0%,"97,5%",0%,0%,0%,0%,0%,0%,0%,0%,0%,0%,0%,0%,0%,0%,0%,0%,0%,0%,0%,0%,0%,1,0,0,0,0,0,0,0,01/09/1998,7,1,1,1,1,1,1,1
96,1998,3 Estate,Campagna,XVIII,f,prato,b,36,6,5,0,23,0,0,0,,1,,,,,,,,,1,,1,,1,,1,,1,1,1,,,,,,,,,,,,0%,"62,5%",0%,0%,0%,0%,0%,0%,0%,"62,5%",0%,15%,0%,"37,5%",0%,"2,5%",0%,"2,5%","2,5%","2,5%",0%,0%,0%,0%,0%,0%,0%,0%,0%,0%,0%,"0,514285714285714","0,0857142857142857","0,0714285714285714",0,"0,328571428571429",0,0,0,01/09/1998,5,3,3,1,4,1,1,1
97,1998,3 Estate,Campagna,XVIII,f,prato,b,36,0,23,10,31,0,0,0,,1,,,,,,,,,1,1,,,1,1,,,1,1,1,,,,,,,,,,1,,0%,"62,5%",0%,0%,0%,0%,0%,0%,0%,"62,5%",15%,0%,0%,15%,15%,0%,0%,15%,15%,15%,0%,0%,0%,0%,0%,0%,0%,0%,0%,"2,5%",0%,"0,36",0,"0,23","0,1","0,31",0,0,0,01/09/1998,4,1,3,3,4,1,1,1
98,1998,3 Estate,Campagna,VIII,c,bosco,a,37,0,3,4,36,0,0,0,,1,,,,,,,,,1,,,,,1,,,,1,,,,1,,,,1,,,,,0%,85%,0%,0%,0%,0%,0%,0%,0%,85%,0%,0%,0%,0%,15%,0%,0%,0%,15%,0%,0%,0%,"2,5%",0%,0%,0%,"2,5%",0%,0%,0%,0%,"0,4625",0,"0,0375","0,05","0,45",0,0,0,01/09/1998,4,1,2,3,4,1,1,1
99,1998,3 Estate,Abitato,XVII,e,massicciata,a,0,0,0,0,37,0,0,0,,,,,,,,,,,,,,,,1,1,,,1,,,,,,,,,,,,,0%,0%,0%,0%,0%,0%,0%,0%,0%,0%,0%,0%,0%,0%,"62,5%","37,5%",0%,0%,"97,5%",0%,0%,0%,0%,0%,0%,0%,0%,0%,0%,0%,0%,0,0,0,0,1,0,0,0,01/09/1998,1,1,1,1,7,1,1,1
100,1998,3 Estate,Abitato,XVII,f,massicciata,b,37,0,5,0,12,0,0,0,,1,,,,,,,,,1,,,,,1,,,,1,1,,,,,,,,,,,,0%,85%,0%,0%,0%,0%,0%,0%,0%,85%,0%,0%,0%,0%,"2,5%",0%,0%,0%,"2,5%","2,5%",0%,0%,0%,0%,0%,0%,0%,0%,0%,0%,0%,"0,685185185185185",0,"0,0925925925925926",0,"0,222222222222222",0,0,0,01/09/1998,5,1,3,1,3,1,1,1
101,1998,3 Estate,Campagna,V,b,prato,b,0,36,3,6,6,0,0,0,,,,,,,,,,,,,1,,1,1,,,,1,1,,,1,1,,,1,,,,,0%,0%,0%,0%,0%,0%,0%,0%,0%,0%,0%,85%,0%,85%,"2,5%",0%,0%,0%,"2,5%","2,5%",0%,0%,"2,5%","2,5%",0%,0%,15%,0%,0%,0%,0%,0,"0,705882352941176","0,0588235294117647","0,117647058823529","0,117647058823529",0,0,0,01/09/1998,1,5,3,3,3,1,1,1
102,1998,4 Autunno,Abitato,XVII,f,massicciata,b,0,0,0,37,0,0,0,0,,,,,,,,,,,,,,,,,,,,,,,,,,,,1,,,,,0%,0%,0%,0%,0%,0%,0%,0%,0%,0%,0%,0%,0%,0%,0%,0%,0%,0%,0%,0%,0%,0%,0%,0%,0%,0%,"97,5%",0%,0%,0%,0%,0,0,0,1,0,0,0,0,01/10/1998,1,1,1,7,1,1,1,1
103,1998,4 Autunno,Abitato,XVII,f,massicciata,b,1,0,3,20,1,0,0,0,,1,,,,,,,,,1,,,,,,,,,,1,,,,,1,,1,,,,,0%,"37,5%",0%,0%,0%,0%,0%,0%,0%,"37,5%",0%,0%,0%,0%,0%,0%,0%,0%,0%,"2,5%",0%,0%,0%,0%,"62,5%",0%,"62,5%",0%,0%,0%,0%,"0,04",0,"0,12","0,8","0,04",0,0,0,01/10/1998,2,1,3,6,2,1,1,1
104,1998,4 Autunno,Abitato,XIV,b,massicciata,a,36,0,7,31,3,0,0,2,1,,,,,,,,,,1,,,,,,,,,1,1,,,,,,,1,,,,1,85%,0%,0%,0%,0%,0%,0%,0%,0%,85%,0%,0%,0%,0%,0%,0%,0%,0%,"2,5%","2,5%",0%,0%,0%,0%,0%,0%,15%,0%,0%,0%,"2,5%","0,455696202531646",0,"0,0886075949367089","0,392405063291139","0,0379746835443038",0,0,"0,0253164556962025",01/10/1998,4,1,3,4,2,1,1,2
105,1998,4 Autunno,Campagna,XVIII,c,bosco,c,27,0,37,0,0,0,0,0,1,,,,,,,,,,1,,,,,,,,,,1,,,,,,,,,,1,,"37,5%",0%,0%,0%,0%,0%,0%,0%,0%,"37,5%",0%,0%,0%,0%,0%,0%,0%,0%,0%,"62,5%",0%,0%,0%,0%,0%,0%,0%,0%,0%,"2,5%",0%,"0,421875",0,"0,578125",0,0,0,0,0,01/10/1998,4,1,5,1,1,1,1,1
106,1998,4 Autunno,Campagna,XVIII,f,prato,b,31,21,7,0,23,0,5,0,1,,,,,,,,,,1,,1,,1,1,1,,,1,1,,,,,,,,,1,,,"37,5%",0%,0%,0%,0%,0%,0%,0%,0%,"37,5%",0%,"37,5%",0%,"37,5%","2,5%","2,5%",0%,0%,15%,"2,5%",0%,0%,0%,0%,0%,0%,0%,0%,15%,0%,0%,"0,35632183908046","0,241379310344828","0,0804597701149425",0,"0,264367816091954",0,"0,0574712643678161",0,01/10/1998,4,3,3,1,4,1,3,1
107,1998,4 Autunno,Campagna,XVIII,f,prato,b,12,0,33,37,3,0,0,0,1,,,,,,,,,,1,,,,,,,,,1,1,,,,,,,1,,,1,,85%,0%,0%,0%,0%,0%,0%,0%,0%,85%,0%,0%,0%,0%,0%,0%,0%,0%,"2,5%","2,5%",0%,0%,0%,0%,0%,0%,15%,0%,0%,"2,5%",0%,"0,141176470588235",0,"0,388235294117647","0,435294117647059","0,0352941176470588",0,0,0,01/10/1998,3,1,4,4,2,1,1,1
108,1998,4 Autunno,Campagna,VIII,m,bosco,c,0,34,0,0,0,0,0,0,,,,,,,,,,,,1,,,1,,,,,,,,,,,,,,,,,,0%,0%,0%,0%,0%,0%,0%,0%,0%,0%,"97,5%",0%,0%,"97,5%",0%,0%,0%,0%,0%,0%,0%,0%,0%,0%,0%,0%,0%,0%,0%,0%,0%,0,1,0,0,0,0,0,0,01/10/1998,1,7,1,1,1,1,1,1
109,1998,4 Autunno,Abitato,XX,a,prato,d,37,0,13,1,10,0,0,0,1,,,,,,,,,,1,,,,,1,,,,1,1,1,,,,,,1,,,,,85%,0%,0%,0%,0%,0%,0%,0%,0%,85%,0%,0%,0%,0%,"2,5%",0%,0%,0%,"2,5%","2,5%","2,5%",0%,0%,0%,0%,0%,"2,5%",0%,0%,0%,0%,"0,60655737704918",0,"0,213114754098361","0,0163934426229508","0,163934426229508",0,0,0,01/11/1998,5,1,3,2,3,1,1,1
110,1998,4 Autunno,Abitato,XIX,e,bosco,b,37,6,9,2,1,0,0,0,,,1,1,,,,,,,1,,1,,1,,,,,1,1,,,,,1,,1,,,1,,0%,0%,"37,5%","37,5%",0%,0%,0%,0%,0%,"62,5%",0%,"37,5%",0%,"37,5%",0%,0%,0%,0%,"2,5%","2,5%",0%,0%,0%,0%,"2,5%",0%,"2,5%",0%,0%,"2,5%",0%,"0,672727272727273","0,109090909090909","0,163636363636364","0,0363636363636364","0,0181818181818182",0,0,0,01/11/1998,5,3,3,2,2,1,1,1
111,1998,4 Autunno,Abitato,XIV,b,massicciata,a,9,0,0,26,0,0,0,0,,1,,,,,,,,,1,,,,,,,,,,,,,,,1,,1,,,,,0%,15%,0%,0%,0%,0%,0%,0%,0%,15%,0%,0%,0%,0%,0%,0%,0%,0%,0%,0%,0%,0%,0%,0%,85%,0%,85%,0%,0%,0%,0%,"0,257142857142857",0,0,"0,742857142857143",0,0,0,0,01/11/1998,4,1,1,5,1,1,1,1
112,1998,4 Autunno,Campagna,VIII,c,bosco,a,37,0,7,8,1,0,0,0,,,,1,,,,,,,1,1,,,1,,1,,,1,1,,,,,,,1,,,,,0%,0%,0%,85%,0%,0%,0%,0%,0%,85%,"2,5%",0%,0%,"2,5%",0%,"2,5%",0%,0%,"2,5%","2,5%",0%,0%,0%,0%,0%,0%,"2,5%",0%,0%,0%,0%,"0,69811320754717",0,"0,132075471698113","0,150943396226415","0,0188679245283019",0,0,0,01/11/1998,5,1,3,3,2,1,1,1
113,1998,4 Autunno,Abitato,XII,e,bosco,c,37,0,37,5,0,0,0,0,,,,,1,,,,,,1,,,,,,,,,,1,,,,,,,1,,,,,0%,0%,0%,0%,85%,0%,0%,0%,0%,85%,0%,0%,0%,0%,0%,0%,0%,0%,0%,15%,0%,0%,0%,0%,0%,0%,"2,5%",0%,0%,0%,0%,"0,468354430379747",0,"0,468354430379747","0,0632911392405063",0,0,0,0,01/11/1998,4,1,4,3,1,1,1,1
114,1998,4 Autunno,Abitato,XII,f,bosco,c,37,0,37,0,0,0,0,0,,,1,,,,,,,,1,,,,,,,,,,1,,,,,,,,,,,,0%,0%,85%,0%,0%,0%,0%,0%,0%,85%,0%,0%,0%,0%,0%,0%,0%,0%,0%,15%,0%,0%,0%,0%,0%,0%,0%,0%,0%,0%,0%,"0,5",0,"0,5",0,0,0,0,0,01/11/1998,5,1,5,1,1,1,1,1
115,1998,4 Autunno,Campagna,III,b,prato,b,36,1,14,13,2,0,0,0,,,,,1,,,,,,1,,1,,1,,,,,1,1,,,,,,,1,,,,,0%,0%,0%,0%,"62,5%",0%,0%,0%,0%,"62,5%",0%,"37,5%",0%,"37,5%",0%,0%,0%,0%,"2,5%","2,5%",0%,0%,0%,0%,0%,0%,"2,5%",0%,0%,0%,0%,"0,545454545454545","0,0151515151515152","0,212121212121212","0,196969696969697","0,0303030303030303",0,0,0,01/11/1998,5,2,3,3,2,1,1,1
116,1998,4 Autunno,Campagna,III,d,prato,b,29,36,13,7,0,0,0,0,,,,,1,,,,,,1,,1,,1,,,,,,1,,,,1,,,1,,,,,0%,0%,0%,0%,"62,5%",0%,0%,0%,0%,"62,5%",0%,"37,5%",0%,"37,5%",0%,0%,0%,0%,0%,"2,5%",0%,0%,0%,"2,5%",0%,0%,"2,5%",0%,0%,0%,0%,"0,341176470588235","0,423529411764706","0,152941176470588","0,0823529411764706",0,0,0,0,01/11/1998,4,4,3,3,1,1,1,1
117,1998,4 Autunno,Abitato,XVII,b,bosco,c,37,0,1,0,0,0,0,0,1,1,,,,,,,,,1,,,,,,,,,,1,,,,,,,,,,,,"37,5%","37,5%",0%,0%,0%,0%,0%,0%,0%,"97,5%",0%,0%,0%,0%,0%,0%,0%,0%,0%,"2,5%",0%,0%,0%,0%,0%,0%,0%,0%,0%,0%,0%,"0,973684210526316",0,"0,0263157894736842",0,0,0,0,0,01/12/1998,7,1,2,1,1,1,1,1
118,1998,4 Autunno,Abitato,XVII,c,massicciata,a,37,0,24,0,0,0,0,0,,,,,1,,,,,,1,,,,,,,,,,1,,,,,,,,,,,,0%,0%,0%,0%,"97,5%",0%,0%,0%,0%,"97,5%",0%,0%,0%,0%,0%,0%,0%,0%,0%,"2,5%",0%,0%,0%,0%,0%,0%,0%,0%,0%,0%,0%,"0,60655737704918",0,"0,39344262295082",0,0,0,0,0,01/12/1998,5,1,4,1,1,1,1,1
119,1998,4 Autunno,Abitato,XX,b,prato,d,0,0,5,33,0,0,9,0,,,,,,,,,,,,,,,,,,,,1,1,,,,,,,1,,1,,,0%,0%,0%,0%,0%,0%,0%,0%,0%,0%,0%,0%,0%,0%,0%,0%,0%,0%,"2,5%",15%,0%,0%,0%,0%,0%,0%,15%,0%,85%,0%,0%,0,0,"0,106382978723404","0,702127659574468",0,0,"0,191489361702128",0,01/12/1998,1,1,3,5,1,1,3,1
120,1998,4 Autunno,Abitato,XIX,h,bosco,b,22,3,12,7,0,0,0,0,1,,,,,,,,,,1,,,,1,,,,,,1,,,,,,,1,,,,,"37,5%",0%,0%,0%,0%,0%,0%,0%,0%,"37,5%",0%,0%,0%,"37,5%",0%,0%,0%,0%,0%,"2,5%",0%,0%,0%,0%,0%,0%,"2,5%",0%,0%,0%,0%,"0,5","0,0681818181818182","0,272727272727273","0,159090909090909",0,0,0,0,01/12/1998,5,3,4,3,1,1,1,1
121,1999,1 Inverno,Campagna,III,l,strada,a,29,0,12,9,0,0,0,0,,,,,1,,,,,,1,,,,,,,,,,1,,,,,,,1,,,,,0%,0%,0%,0%,85%,0%,0%,0%,0%,85%,0%,0%,0%,0%,0%,0%,0%,0%,0%,"2,5%",0%,0%,0%,0%,0%,0%,"2,5%",0%,0%,0%,0%,"0,58",0,"0,24","0,18",0,0,0,0,01/01/1999,5,1,3,3,1,1,1,1
122,1999,1 Inverno,Campagna,III,m,prato,b,35,0,26,0,0,0,0,0,1,,,,1,,,,,,1,,,,,,,,,,1,,,,,,,,,,,,"37,5%",0%,0%,0%,"62,5%",0%,0%,0%,0%,"97,5%",0%,0%,0%,0%,0%,0%,0%,0%,0%,"2,5%",0%,0%,0%,0%,0%,0%,0%,0%,0%,0%,0%,"0,573770491803279",0,"0,426229508196721",0,0,0,0,0,01/01/1999,5,1,4,1,1,1,1,1
123,1999,1 Inverno,Campagna,III,n,prato,b,37,0,9,37,0,0,0,0,,1,,,1,,,,,,1,,,,,,,,,,1,,,,1,,,1,,,,,0%,"37,5%",0%,0%,"37,5%",0%,0%,0%,0%,85%,0%,0%,0%,0%,0%,0%,0%,0%,0%,"2,5%",0%,0%,0%,"37,5%",0%,0%,"37,5%",0%,0%,0%,0%,"0,44578313253012",0,"0,108433734939759","0,44578313253012",0,0,0,0,01/01/1999,4,1,3,4,1,1,1,1
124,1999,1 Inverno,Campagna,III,g,prato,b,37,2,31,0,0,0,0,0,,,,,1,,,,,,1,,,,,,,,,,1,,,,,,,,,,,,0%,0%,0%,0%,"97,5%",0%,0%,0%,0%,"97,5%",0%,0%,0%,0%,0%,0%,0%,0%,0%,"2,5%",0%,0%,0%,0%,0%,0%,0%,0%,0%,0%,0%,"0,528571428571429","0,0285714285714286","0,442857142857143",0,0,0,0,0,01/01/1999,5,2,4,1,1,1,1,1
125,1999,1 Inverno,Abitato,XIV,p,bosco,b,37,0,20,0,0,0,0,0,,,1,,,,,,,,1,,,,,,,,,,1,,,,,,,,,,,,0%,0%,"97,5%",0%,0%,0%,0%,0%,0%,"97,5%",0%,0%,0%,0%,0%,0%,0%,0%,0%,"2,5%",0%,0%,0%,0%,0%,0%,0%,0%,0%,0%,0%,"0,649122807017544",0,"0,350877192982456",0,0,0,0,0,01/01/1999,5,1,4,1,1,1,1,1
126,1999,1 Inverno,Abitato,XIV,p,bosco,b,0,37,11,0,0,0,0,0,,,,,,,,,,,,,1,,1,,,,,,1,,,,,,,,,,,,0%,0%,0%,0%,0%,0%,0%,0%,0%,0%,0%,"97,5%",0%,"97,5%",0%,0%,0%,0%,0%,"2,5%",0%,0%,0%,0%,0%,0%,0%,0%,0%,0%,0%,0,"0,770833333333333","0,229166666666667",0,0,0,0,0,01/01/1999,1,6,3,1,1,1,1,1
127,1999,1 Inverno,Abitato,XIV,p,bosco,b,0,34,3,6,0,0,0,0,,,,,,,,,,,,,1,,1,,,,,,1,,,,,,,,,,,,0%,0%,0%,0%,0%,0%,0%,0%,0%,0%,0%,85%,0%,85%,0%,0%,0%,0%,0%,"2,5%",0%,0%,0%,0%,0%,0%,0%,0%,0%,0%,0%,0,"0,790697674418605","0,0697674418604651","0,13953488372093",0,0,0,0,01/01/1999,1,6,3,3,1,1,1,1
128,1999,1 Inverno,Abitato,XVII,d,massicciata,b,0,31,6,0,0,0,0,0,,,,,,,,,,,,,1,,1,,,,,,1,,,,,,,,,,1,,0%,0%,0%,0%,0%,0%,0%,0%,0%,0%,0%,85%,0%,85%,0%,0%,0%,0%,0%,"2,5%",0%,0%,0%,0%,0%,0%,0%,0%,0%,"2,5%",0%,0,"0,837837837837838","0,162162162162162",0,0,0,0,0,01/01/1999,1,6,3,1,1,1,1,1
129,1999,1 Inverno,Abitato,XX,a,prato,d,37,4,10,0,0,0,0,0,,,,,,,,,,,1,,1,,1,,,,,,1,,,,,,,,,,,,0%,0%,0%,0%,0%,0%,0%,0%,0%,"62,5%",0%,"37,5%",0%,"37,5%",0%,0%,0%,0%,0%,"2,5%",0%,0%,0%,0%,0%,0%,0%,0%,0%,0%,0%,"0,725490196078431","0,0784313725490196","0,196078431372549",0,0,0,0,0,01/01/1999,5,3,3,1,1,1,1,1
130,1999,1 Inverno,Campagna,VIII,d,bosco,c,37,0,20,0,1,0,0,0,,,,1,,,,,,,1,,,,,,,,,1,1,,,,,,,,,,,,0%,0%,0%,85%,0%,0%,0%,0%,0%,85%,0%,0%,0%,0%,0%,0%,0%,0%,"2,5%","2,5%",0%,0%,0%,0%,0%,0%,0%,0%,0%,0%,0%,"0,637931034482759",0,"0,344827586206897",0,"0,0172413793103448",0,0,0,01/01/1999,5,1,4,1,2,1,1,1
131,1999,1 Inverno,Campagna,VIII,c,bosco,a,26,1,6,35,0,0,0,0,,,,,1,,,,,,1,,,,,,,,,,,,,,1,,,1,,,1,,0%,0%,0%,0%,85%,0%,0%,0%,0%,85%,0%,0%,0%,0%,0%,0%,0%,0%,0%,0%,0%,0%,0%,15%,0%,0%,15%,0%,0%,"62,5%",0%,"0,382352941176471","0,0147058823529412","0,0882352941176471","0,514705882352941",0,0,0,0,01/01/1999,4,2,3,5,1,1,1,1
132,1998,4 Autunno,Abitato,XIV,p,bosco,b,37,0,7,0,0,0,0,0,,,,,,,,,,,1,,,,,,,,,,1,,,,,,,,,,,,0%,0%,0%,0%,0%,0%,0%,0%,0%,85%,0%,0%,0%,0%,0%,0%,0%,0%,0%,"2,5%",0%,0%,0%,0%,0%,0%,0%,0%,0%,0%,0%,"0,840909090909091",0,"0,159090909090909",0,0,0,0,0,01/12/1998,6,1,3,1,1,1,1,1
133,1998,4 Autunno,Campagna,XI,b,bosco,c,34,0,17,34,0,0,0,0,1,,,,,,,,,,1,,,,,,,,,,1,,,,,1,,1,,,,,85%,0%,0%,0%,0%,0%,0%,0%,0%,85%,0%,0%,0%,0%,0%,0%,0%,0%,0%,"2,5%",0%,0%,0%,0%,15%,0%,15%,0%,0%,0%,0%,"0,4",0,"0,2","0,4",0,0,0,0,01/12/1998,4,1,3,4,1,1,1,1
134,1998,4 Autunno,Campagna,XI,e,bosco,c,37,0,19,19,0,0,0,0,1,,,,,,,,,,1,,1,,1,,,,,,1,,,,,,,1,,,,,"37,5%",0%,0%,0%,0%,0%,0%,0%,0%,"37,5%",0%,"37,5%",0%,"37,5%",0%,0%,0%,0%,0%,"2,5%",0%,0%,0%,0%,0%,0%,15%,0%,0%,0%,0%,"0,493333333333333",0,"0,253333333333333","0,253333333333333",0,0,0,0,01/12/1998,4,1,4,4,1,1,1,1
135,1998,4 Autunno,Campagna,III,h,strada,a,37,0,3,0,5,0,0,0,,1,,,,,,,,,1,,,,,,,,,1,1,,,,,,,,,,,,0%,85%,0%,0%,0%,0%,0%,0%,0%,85%,0%,0%,0%,0%,0%,0%,0%,0%,"2,5%","2,5%",0%,0%,0%,0%,0%,0%,0%,0%,0%,0%,0%,"0,822222222222222",0,"0,0666666666666667",0,"0,111111111111111",0,0,0,01/12/1998,6,1,3,1,3,1,1,1
136,1998,4 Autunno,Campagna,V,f,strada,a,35,31,7,8,1,0,0,0,,,,,,,,,,,,,1,,1,,,,,,1,,,,,,,1,,,,,0%,0%,0%,0%,0%,0%,0%,0%,0%,0%,0%,85%,0%,85%,0%,0%,0%,0%,0%,"2,5%",0%,0%,0%,0%,0%,0%,"2,5%",0%,0%,0%,0%,"0,426829268292683","0,378048780487805","0,0853658536585366","0,0975609756097561","0,0121951219512195",0,0,0,01/12/1998,4,4,3,3,2,1,1,1
137,1998,4 Autunno,Campagna,VIII,a,prato,b,37,0,31,6,0,0,0,0,1,,,,,,,,,,1,,,,,,,,,,1,,,,,,,1,,,,,85%,0%,0%,0%,0%,0%,0%,0%,0%,85%,0%,0%,0%,0%,0%,0%,0%,0%,0%,"2,5%",0%,0%,0%,0%,0%,0%,"2,5%",0%,0%,0%,0%,"0,5",0,"0,418918918918919","0,0810810810810811",0,0,0,0,01/12/1998,5,1,4,3,1,1,1,1
138,1998,4 Autunno,Campagna,XVIII,c,bosco,c,32,0,8,3,1,0,0,0,,1,,,,,,,,,1,,,,,,,,,,1,,,,,,,1,,,1,,0%,"62,5%",0%,0%,0%,0%,0%,0%,0%,"62,5%",0%,0%,0%,0%,0%,0%,0%,0%,0%,"37,5%",0%,0%,0%,0%,0%,0%,15%,0%,0%,"2,5%",0%,"0,727272727272727",0,"0,181818181818182","0,0681818181818182","0,0227272727272727",0,0,0,01/12/1998,5,1,3,3,2,1,1,1
139,1998,4 Autunno,Campagna,XVIII,d,prato,b,15,0,3,8,0,0,0,0,,1,,,,,,,,,1,,,,,,,,,,1,,,,,,,1,,,1,,0%,"37,5%",0%,0%,0%,0%,0%,0%,0%,"37,5%",0%,0%,0%,0%,0%,0%,0%,0%,0%,15%,0%,0%,0%,0%,0%,0%,"37,5%",0%,0%,"2,5%",0%,"0,576923076923077",0,"0,115384615384615","0,307692307692308",0,0,0,0,01/12/1998,5,1,3,4,1,1,1,1
140,1999,1 Inverno,Campagna,III,g,prato,b,31,0,4,13,0,0,0,0,1,,,,,,,,,,1,,,,,,,,,,1,1,,,,,,1,,,,,85%,0%,0%,0%,0%,0%,0%,0%,0%,85%,0%,0%,0%,0%,0%,0%,0%,0%,0%,"2,5%","2,5%",0%,0%,0%,0%,0%,"2,5%",0%,0%,0%,0%,"0,645833333333333",0,"0,0833333333333333","0,270833333333333",0,0,0,0,01/01/1999,5,1,3,4,1,1,1,1
141,1999,1 Inverno,Abitato,XIV,e,bosco,b,37,0,37,0,0,0,0,0,1,,,,,,,,,,1,,1,,1,,,,,,1,,,,,,,,,,,,"37,5%",0%,0%,0%,0%,0%,0%,0%,0%,"37,5%",0%,"37,5%",0%,"37,5%",0%,0%,0%,0%,0%,"2,5%",0%,0%,0%,0%,0%,0%,0%,0%,0%,0%,0%,"0,5",0,"0,5",0,0,0,0,0,01/02/1999,5,1,5,1,1,1,1,1
142,1999,1 Inverno,Abitato,XIV,m,prato,b,37,0,36,16,0,0,0,0,,,,,,,1,,,,1,,,,,,,,,,1,1,,,,,,1,,,,,0%,0%,0%,0%,0%,0%,0%,"62,5%",0%,"62,5%",0%,0%,0%,0%,0%,0%,0%,0%,0%,15%,15%,0%,0%,0%,0%,0%,15%,0%,0%,0%,0%,"0,415730337078652",0,"0,404494382022472","0,179775280898876",0,0,0,0,01/02/1999,4,1,4,3,1,1,1,1
143,1999,1 Inverno,Abitato,XIV,p,bosco,b,37,0,37,3,0,0,0,0,,,,,,,1,,,,1,,,,,,,,,,1,1,,,,,,1,,,,,0%,0%,0%,0%,0%,0%,0%,"62,5%",0%,"62,5%",0%,0%,0%,0%,0%,0%,0%,0%,0%,15%,15%,0%,0%,0%,0%,0%,15%,0%,0%,0%,0%,"0,480519480519481",0,"0,480519480519481","0,038961038961039",0,0,0,0,01/02/1999,4,1,4,2,1,1,1,1
144,1999,1 Inverno,Campagna,V,e,strada,b,37,0,35,0,0,0,0,0,,,,,1,,,,,,1,,,,,,,,,,1,,,,,,,,,,,,0%,0%,0%,0%,"97,5%",0%,0%,0%,0%,"97,5%",0%,0%,0%,0%,0%,0%,0%,0%,0%,"2,5%",0%,0%,0%,0%,0%,0%,0%,0%,0%,0%,0%,"0,513888888888889",0,"0,486111111111111",0,0,0,0,0,01/02/1999,5,1,4,1,1,1,1,1
145,1999,1 Inverno,Campagna,III,d,prato,b,33,0,13,19,0,0,0,0,,,,1,,,,,,,1,,,,,,,,,,1,1,,,,,,1,,,,,0%,0%,0%,85%,0%,0%,0%,0%,0%,85%,0%,0%,0%,0%,0%,0%,0%,0%,0%,"2,5%","2,5%",0%,0%,0%,0%,0%,"2,5%",0%,0%,0%,0%,"0,507692307692308",0,"0,2","0,292307692307692",0,0,0,0,01/02/1999,5,1,3,4,1,1,1,1
146,1999,1 Inverno,Campagna,VIII,m,bosco,c,37,0,3,10,17,0,0,0,,,,1,,,,,,,,,,,,,,,,1,1,,,1,,,,1,,,,,0%,0%,0%,85%,0%,0%,0%,0%,0%,0%,0%,0%,0%,0%,0%,0%,0%,0%,"2,5%","2,5%",0%,0%,"2,5%",0%,0%,0%,"2,5%",0%,0%,0%,0%,"0,552238805970149",0,"0,0447761194029851","0,149253731343284","0,253731343283582",0,0,0,01/02/1999,5,1,2,3,4,1,1,1
147,1999,1 Inverno,Campagna,VIII,m,bosco,c,34,0,6,8,2,0,0,0,1,,,,,,,,,,1,,,,,,,,,1,1,,,,,,,1,,,,,85%,0%,0%,0%,0%,0%,0%,0%,0%,85%,0%,0%,0%,0%,0%,0%,0%,0%,"2,5%","2,5%",0%,0%,0%,0%,0%,0%,"2,5%",0%,0%,0%,0%,"0,68",0,"0,12","0,16","0,04",0,0,0,01/02/1999,5,1,3,3,2,1,1,1
148,1999,1 Inverno,Campagna,XVIII,e,strada,a,0,0,3,33,0,0,0,0,,,,,,,,,,,,,,,,,,,,,1,,,,,,,1,,,,,0%,0%,0%,0%,0%,0%,0%,0%,0%,0%,0%,0%,0%,0%,0%,0%,0%,0%,0%,15%,0%,0%,0%,0%,0%,0%,85%,0%,0%,0%,0%,0,0,"0,0833333333333333","0,916666666666667",0,0,0,0,01/02/1999,1,1,3,6,1,1,1,1
149,1999,1 Inverno,Campagna,XVIII,e,strada,a,15,0,0,33,0,0,0,0,,1,,,,,,,,,1,,,,,,,,,,,,,,,,,1,,,,,0%,85%,0%,0%,0%,0%,0%,0%,0%,85%,0%,0%,0%,0%,0%,0%,0%,0%,0%,0%,0%,0%,0%,0%,0%,0%,15%,0%,0%,0%,0%,"0,3125",0,0,"0,6875",0,0,0,0,01/02/1999,4,1,1,5,1,1,1,1
150,1999,1 Inverno,Campagna,III,h,strada,a,37,0,4,0,0,0,0,0,,,1,,,,,,,,1,,,,,,,,,,1,,,,,,,,,,,,0%,0%,"97,5%",0%,0%,0%,0%,0%,0%,"97,5%",0%,0%,0%,0%,0%,0%,0%,0%,0%,"2,5%",0%,0%,0%,0%,0%,0%,0%,0%,0%,0%,0%,"0,902439024390244",0,"0,0975609756097561",0,0,0,0,0,01/03/1999,6,1,3,1,1,1,1,1
151,1999,1 Inverno,Campagna,III,h,strada,a,37,18,5,0,0,0,0,0,1,,,,,,,,,,1,,1,,1,,,,,,1,,,,,,,,,,,,15%,0%,0%,0%,0%,0%,0%,0%,0%,15%,0%,"62,5%",0%,"62,5%",0%,0%,0%,0%,0%,"2,5%",0%,0%,0%,0%,0%,0%,0%,0%,0%,0%,0%,"0,616666666666667","0,3","0,0833333333333333",0,0,0,0,0,01/03/1999,5,4,3,1,1,1,1,1
152,1999,1 Inverno,Campagna,V,e,strada,b,32,0,22,20,20,0,2,0,,1,,,,,,,,,1,,,,,,1,,,1,1,1,,,,,,1,,1,1,,0%,"62,5%",0%,0%,0%,0%,0%,0%,0%,"62,5%",0%,0%,0%,0%,0%,"2,5%",0%,0%,"2,5%","2,5%","2,5%",0%,0%,0%,0%,0%,"2,5%",0%,"2,5%",15%,0%,"0,333333333333333",0,"0,229166666666667","0,208333333333333","0,208333333333333",0,"0,0208333333333333",0,01/03/1999,4,1,3,3,3,1,2,1
153,1999,1 Inverno,Campagna,V,e,strada,b,33,5,13,0,7,0,0,0,,1,,,,,,,,,1,,1,,1,,1,,,1,1,,,,,,,,,,1,,0%,"37,5%",0%,0%,0%,0%,0%,0%,0%,"37,5%",0%,"37,5%",0%,"37,5%",0%,"2,5%",0%,0%,"2,5%",15%,0%,0%,0%,0%,0%,0%,0%,0%,0%,"2,5%",0%,"0,568965517241379","0,0862068965517241","0,224137931034483",0,"0,120689655172414",0,0,0,01/03/1999,5,3,3,1,3,1,1,1
154,1999,1 Inverno,Campagna,VIII,a,prato,b,37,0,10,0,0,0,0,0,,,,,,,1,,,,1,,,,,,,,,,1,,,,,,,,,,1,,0%,0%,0%,0%,0%,0%,0%,85%,0%,85%,0%,0%,0%,0%,0%,0%,0%,0%,0%,"2,5%",0%,0%,0%,0%,0%,0%,0%,0%,0%,"2,5%",0%,"0,787234042553192",0,"0,212765957446808",0,0,0,0,0,01/03/1999,6,1,3,1,1,1,1,1
155,1999,1 Inverno,Campagna,VIII,f,bosco,c,37,10,22,1,2,0,0,0,1,,,,,,,,,,1,,1,,1,,,,,1,1,,,,,,,1,,,,,"37,5%",0%,0%,0%,0%,0%,0%,0%,0%,"37,5%",0%,"37,5%",0%,"37,5%",0%,0%,0%,0%,"2,5%","2,5%",0%,0%,0%,0%,0%,0%,"2,5%",0%,0%,0%,0%,"0,513888888888889","0,138888888888889","0,305555555555556","0,0138888888888889","0,0277777777777778",0,0,0,01/03/1999,5,3,4,2,2,1,1,1
156,1999,1 Inverno,Campagna,VIII,g,bosco,c,31,32,3,0,0,0,0,0,,,,,1,,,,,,1,,1,,1,,,,,,1,,,,,,,,,,,,0%,0%,0%,0%,"62,5%",0%,0%,0%,0%,"62,5%",0%,"37,5%",0%,"37,5%",0%,0%,0%,0%,0%,"2,5%",0%,0%,0%,0%,0%,0%,0%,0%,0%,0%,0%,"0,46969696969697","0,484848484848485","0,0454545454545455",0,0,0,0,0,01/03/1999,4,4,2,1,1,1,1,1
157,1999,1 Inverno,Campagna,XVIII,e,strada,a,36,0,35,7,0,0,0,0,,1,,,,,,,,,1,,,,,,,,,,1,,,,,,,1,,,,,0%,85%,0%,0%,0%,0%,0%,0%,0%,85%,0%,0%,0%,0%,0%,0%,0%,0%,0%,"2,5%",0%,0%,0%,0%,0%,0%,"2,5%",0%,0%,0%,0%,"0,461538461538462",0,"0,448717948717949","0,0897435897435897",0,0,0,0,01/03/1999,4,1,4,3,1,1,1,1
158,1999,1 Inverno,Campagna,XVIII,f,prato,b,21,1,23,32,0,0,0,0,,1,,,,,,,,,1,,1,,1,,,,,,1,,,,,,,1,,,,,0%,"37,5%",0%,0%,0%,0%,0%,0%,0%,"37,5%",0%,"37,5%",0%,"37,5%",0%,0%,0%,0%,0%,15%,0%,0%,0%,0%,0%,0%,15%,0%,0%,0%,0%,"0,272727272727273","0,012987012987013","0,298701298701299","0,415584415584416",0,0,0,0,01/03/1999,4,2,4,4,1,1,1,1
159,1999,2 Primavera,Campagna,XI,a,prato,b,36,2,29,0,1,0,0,0,,,,1,,,,,,,1,,1,,1,,,,,1,1,,,,,,,,,,,,0%,0%,0%,"62,5%",0%,0%,0%,0%,0%,"62,5%",0%,"37,5%",0%,"37,5%",0%,0%,0%,0%,"2,5%","2,5%",0%,0%,0%,0%,0%,0%,0%,0%,0%,0%,0%,"0,529411764705882","0,0294117647058823","0,426470588235294",0,"0,0147058823529412",0,0,0,01/04/1999,5,2,4,1,2,1,1,1
160,1999,2 Primavera,Campagna,V,d,strada,a,36,11,36,0,33,30,0,0,,,,1,,,,,,,1,,1,,1,1,,,,1,1,,,,,,,,1,,1,,0%,0%,0%,"37,5%",0%,0%,0%,0%,0%,"37,5%",0%,"37,5%",0%,"37,5%","2,5%",0%,0%,0%,"2,5%","2,5%",0%,0%,0%,0%,0%,0%,0%,"37,5%",0%,15%,0%,"0,246575342465753","0,0753424657534247","0,246575342465753",0,"0,226027397260274","0,205479452054794",0,0,01/04/1999,3,3,3,1,3,3,1,1
161,1999,2 Primavera,Campagna,VIII,a,prato,b,37,0,0,9,0,0,0,0,,,,,1,,,,,,1,,,,,,,,,,1,,,,,,,,,,,,0%,0%,0%,0%,"97,5%",0%,0%,0%,0%,"97,5%",0%,0%,0%,0%,0%,0%,0%,0%,0%,"2,5%",0%,0%,0%,0%,0%,0%,0%,0%,0%,0%,0%,"0,804347826086956",0,0,"0,195652173913043",0,0,0,0,01/04/1999,6,1,1,3,1,1,1,1
162,1999,2 Primavera,Abitato,XIV,b,massicciata,a,28,0,5,0,0,0,0,0,,,,1,,,,,,,1,,,,,,,,,,1,,,,,,,,,,,,0%,0%,0%,"97,5%",0%,0%,0%,0%,0%,"97,5%",0%,0%,0%,0%,0%,0%,0%,0%,0%,"2,5%",0%,0%,0%,0%,0%,0%,0%,0%,0%,0%,0%,"0,848484848484848",0,"0,151515151515152",0,0,0,0,0,01/04/1999,6,1,3,1,1,1,1,1
163,1999,2 Primavera,Campagna,III,l,strada,a,34,0,11,0,0,0,0,0,,1,,,,,,,,,1,,,,,,,,,,1,,,,,,,,,,,,0%,85%,0%,0%,0%,0%,0%,0%,0%,85%,0%,0%,0%,0%,0%,0%,0%,0%,0%,15%,0%,0%,0%,0%,0%,0%,0%,0%,0%,0%,0%,"0,755555555555556",0,"0,244444444444444",0,0,0,0,0,01/04/1999,6,1,3,1,1,1,1,1
164,1999,2 Primavera,Campagna,III,m,prato,b,36,27,18,0,0,0,0,0,,,,,,,,,1,,1,,1,,1,,,,,,1,,,,,,,,,,,,0%,0%,0%,0%,0%,0%,0%,0%,15%,15%,0%,85%,0%,85%,0%,0%,0%,0%,0%,"2,5%",0%,0%,0%,0%,0%,0%,0%,0%,0%,0%,0%,"0,444444444444444","0,333333333333333","0,222222222222222",0,0,0,0,0,01/04/1999,4,4,3,1,1,1,1,1
165,1999,2 Primavera,Abitato,XVII,e,massicciata,a,36,10,5,0,0,0,0,0,,1,,,,,,,,,1,,1,,1,,,,,,1,,,,,,,,,,,,0%,"37,5%",0%,0%,0%,0%,0%,0%,0%,"37,5%",0%,"37,5%",0%,"37,5%",0%,0%,0%,0%,0%,"2,5%",0%,0%,0%,0%,0%,0%,0%,0%,0%,0%,0%,"0,705882352941176","0,196078431372549","0,0980392156862745",0,0,0,0,0,01/05/1999,5,3,3,1,1,1,1,1
166,1999,2 Primavera,Campagna,III,h,strada,a,2,0,17,0,37,0,0,0,1,,,,,,,,,,1,,,,,,1,1,,1,1,,,,,,,,,,,,"62,5%",0%,0%,0%,0%,0%,0%,0%,0%,"62,5%",0%,0%,0%,0%,0%,"2,5%","2,5%",0%,15%,"2,5%",0%,0%,0%,0%,0%,0%,0%,0%,0%,0%,0%,"0,0357142857142857",0,"0,303571428571429",0,"0,660714285714286",0,0,0,01/05/1999,2,1,4,1,5,1,1,1
167,1999,2 Primavera,Campagna,V,f,strada,a,33,0,26,0,34,27,0,0,,,,,,,,,1,,1,,,,,1,1,,,1,1,,,,,,,,1,,,,0%,0%,0%,0%,0%,0%,0%,0%,15%,15%,0%,0%,0%,0%,"2,5%","2,5%",0%,0%,15%,"2,5%",0%,0%,0%,0%,0%,0%,0%,"62,5%",0%,0%,0%,"0,275",0,"0,216666666666667",0,"0,283333333333333","0,225",0,0,01/06/1999,4,1,3,1,4,3,1,1
168,1999,2 Primavera,Campagna,V,h,strada,a,35,0,20,16,0,0,0,0,1,,,,1,,,,,,1,,,,,,,,,,1,,,,,,,1,,,,,"37,5%",0%,0%,0%,"62,5%",0%,0%,0%,0%,85%,0%,0%,0%,0%,0%,0%,0%,0%,0%,"2,5%",0%,0%,0%,0%,0%,0%,"2,5%",0%,0%,0%,0%,"0,492957746478873",0,"0,28169014084507","0,225352112676056",0,0,0,0,01/06/1999,4,1,4,3,1,1,1,1
169,1999,2 Primavera,Campagna,III,h,strada,a,12,28,8,19,3,0,0,0,,1,,,,,,,,,1,,1,,1,,,,,1,1,,,,,,1,1,,,,,0%,"37,5%",0%,0%,0%,0%,0%,0%,0%,"37,5%",0%,"37,5%",0%,"37,5%",0%,0%,0%,0%,"2,5%","2,5%",0%,0%,0%,0%,0%,15%,15%,0%,0%,0%,0%,"0,171428571428571","0,4","0,114285714285714","0,271428571428571","0,0428571428571429",0,0,0,01/06/1999,3,4,3,4,2,1,1,1
170,1999,1 Inverno,Abitato,XVII,f,massicciata,b,37,0,4,0,0,0,0,0,1,,,,,,,,,,1,,,,,,,,,,1,,,,,,,,,,,,"97,5%",0%,0%,0%,0%,0%,0%,0%,0%,"97,5%",0%,0%,0%,0%,0%,0%,0%,0%,0%,"2,5%",0%,0%,0%,0%,0%,0%,0%,0%,0%,0%,0%,"0,902439024390244",0,"0,0975609756097561",0,0,0,0,0,01/03/1999,6,1,3,1,1,1,1,1
171,1999,1 Inverno,Abitato,XIX,h,bosco,b,37,0,21,18,0,0,0,0,,,,1,,,,,,,1,,,,,,,,,,1,,,,,1,,1,,,1,,0%,0%,0%,"62,5%",0%,0%,0%,0%,0%,"62,5%",0%,0%,0%,0%,0%,0%,0%,0%,0%,"2,5%",0%,0%,0%,0%,15%,0%,15%,0%,0%,15%,0%,"0,486842105263158",0,"0,276315789473684","0,236842105263158",0,0,0,0,01/03/1999,4,1,4,3,1,1,1,1
172,1999,1 Inverno,Abitato,XX,c,prato,b,37,0,23,0,35,0,0,0,1,,,,,,,,,,1,,,,,1,,,,1,1,,,,,,,,,,,,85%,0%,0%,0%,0%,0%,0%,0%,0%,85%,0%,0%,0%,0%,"2,5%",0%,0%,0%,"2,5%","2,5%",0%,0%,0%,0%,0%,0%,0%,0%,0%,0%,0%,"0,389473684210526",0,"0,242105263157895",0,"0,368421052631579",0,0,0,01/03/1999,4,1,3,1,4,1,1,1
173,1999,1 Inverno,Abitato,XIV,h,strada,a,37,0,0,0,0,0,0,0,,,,1,,,,,,,1,,,,,,,,,,,,,,,,,,,,,,0%,0%,0%,"97,5%",0%,0%,0%,0%,0%,"97,5%",0%,0%,0%,0%,0%,0%,0%,0%,0%,0%,0%,0%,0%,0%,0%,0%,0%,0%,0%,0%,0%,1,0,0,0,0,0,0,0,01/03/1999,7,1,1,1,1,1,1,1
174,1999,1 Inverno,Abitato,XIV,h,strada,a,37,0,17,9,0,0,0,0,,,,1,,,,,,,1,,,,,,,,,,1,1,,,,,,1,,,,,0%,0%,0%,"97,5%",0%,0%,0%,0%,0%,"97,5%",0%,0%,0%,0%,0%,0%,0%,0%,0%,"2,5%","2,5%",0%,0%,0%,0%,0%,"2,5%",0%,0%,0%,0%,"0,587301587301587",0,"0,26984126984127","0,142857142857143",0,0,0,0,01/03/1999,5,1,4,3,1,1,1,1
175,1999,1 Inverno,Abitato,XIV,h,strada,a,37,7,37,0,0,0,0,0,1,,,,,,,,,,1,,1,,1,,,,,,1,,,,,,,,,,,,"37,5%",0%,0%,0%,0%,0%,0%,0%,0%,"37,5%",0%,"37,5%",0%,"37,5%",0%,0%,0%,0%,0%,15%,0%,0%,0%,0%,0%,0%,0%,0%,0%,0%,0%,"0,45679012345679","0,0864197530864197","0,45679012345679",0,0,0,0,0,01/03/1999,4,3,4,1,1,1,1,1
176,1999,1 Inverno,Abitato,XIV,h,strada,a,35,1,37,0,0,0,0,0,,,,1,,,,,,,1,,1,,1,,,,,,1,,,,,,,,,,,,0%,0%,0%,"62,5%",0%,0%,0%,0%,0%,"62,5%",0%,"37,5%",0%,"37,5%",0%,0%,0%,0%,0%,"2,5%",0%,0%,0%,0%,0%,0%,0%,0%,0%,0%,0%,"0,479452054794521","0,0136986301369863","0,506849315068493",0,0,0,0,0,01/03/1999,4,2,5,1,1,1,1,1
177,1999,1 Inverno,Campagna,III,g,prato,b,4,35,2,4,0,0,0,0,1,,,,,,,,,,1,,1,,1,,,,,,1,,,,,,,1,,,,,15%,0%,0%,0%,0%,0%,0%,0%,0%,15%,0%,"62,5%",0%,"62,5%",0%,0%,0%,0%,0%,"2,5%",0%,0%,0%,0%,0%,0%,"2,5%",0%,0%,0%,0%,"0,0888888888888889","0,777777777777778","0,0444444444444444","0,0888888888888889",0,0,0,0,01/03/1999,3,6,2,3,1,1,1,1
178,1999,1 Inverno,Campagna,III,g,prato,b,37,0,9,0,0,0,0,0,,,,1,,,,,,,1,,,,,,,,,,1,,,,,,,,,,,,0%,0%,0%,"97,5%",0%,0%,0%,0%,0%,"97,5%",0%,0%,0%,0%,0%,0%,0%,0%,0%,"2,5%",0%,0%,0%,0%,0%,0%,0%,0%,0%,0%,0%,"0,804347826086956",0,"0,195652173913043",0,0,0,0,0,01/03/1999,6,1,3,1,1,1,1,1
179,1999,1 Inverno,Campagna,III,g,prato,b,37,0,3,0,0,0,0,0,,1,,,,,,,,,1,,,,,,,,,,1,,,,,,,,,,,,0%,"97,5%",0%,0%,0%,0%,0%,0%,0%,"97,5%",0%,0%,0%,0%,0%,0%,0%,0%,0%,"2,5%",0%,0%,0%,0%,0%,0%,0%,0%,0%,0%,0%,"0,925",0,"0,075",0,0,0,0,0,01/03/1999,6,1,3,1,1,1,1,1
180,1999,1 Inverno,Campagna,III,h,strada,a,37,0,11,0,0,0,0,0,,1,,,,,,,,,1,,,,,,,,,,1,,,,,,,,,,1,,0%,"97,5%",0%,0%,0%,0%,0%,0%,0%,"97,5%",0%,0%,0%,0%,0%,0%,0%,0%,0%,"2,5%",0%,0%,0%,0%,0%,0%,0%,0%,0%,"2,5%",0%,"0,770833333333333",0,"0,229166666666667",0,0,0,0,0,01/03/1999,6,1,3,1,1,1,1,1
181,1999,3 Estate,Campagna,V,d,strada,a,37,0,0,0,0,0,0,0,1,,,,,,,,,,1,,,,,,,,,,,,,,,,,,,,,,"97,5%",0%,0%,0%,0%,0%,0%,0%,0%,"97,5%",0%,0%,0%,0%,0%,0%,0%,0%,0%,0%,0%,0%,0%,0%,0%,0%,0%,0%,0%,0%,0%,1,0,0,0,0,0,0,0,01/07/1999,7,1,1,1,1,1,1,1
182,1998,1 Inverno,Campagna,V,b,prato,b,0,0,1,37,0,0,0,0,,,,,,,,,,,,,,,,,,,,,1,1,,,,,,,,,,,0%,0%,0%,0%,0%,0%,0%,0%,0%,0%,0%,0%,0%,0%,0%,0%,0%,0%,0%,"2,5%","97,5%",0%,0%,0%,0%,0%,0%,0%,0%,0%,0%,0,0,"0,0263157894736842","0,973684210526316",0,0,0,0,01/02/1998,1,1,2,7,1,1,1,1
183,1999,3 Estate,Campagna,V,f,strada,a,6,0,1,3,17,0,0,0,1,,,,,,,,,,1,,,,,1,,,,1,1,,,,,,1,1,,,,,"37,5%",0%,0%,0%,0%,0%,0%,0%,0%,"37,5%",0%,0%,0%,0%,15%,0%,0%,0%,15%,"2,5%",0%,0%,0%,0%,0%,15%,15%,0%,0%,0%,0%,"0,222222222222222",0,"0,037037037037037","0,111111111111111","0,62962962962963",0,0,0,01/07/1999,3,1,2,3,5,1,1,1
184,1999,3 Estate,Abitato,XVII,h,prato,b,0,0,8,23,28,0,0,0,,,,,,,,,,,,,,,,1,,,,1,1,,,1,,,,1,,,,,0%,0%,0%,0%,0%,0%,0%,0%,0%,0%,0%,0%,0%,0%,15%,0%,0%,0%,15%,"2,5%",0%,0%,85%,0%,0%,0%,85%,0%,0%,0%,0%,0,0,"0,135593220338983","0,389830508474576","0,474576271186441",0,0,0,01/08/1999,1,1,3,4,4,1,1,1
185,1999,3 Estate,Campagna,XI,e,bosco,c,37,0,5,0,24,0,0,0,,,1,,,,,,,,1,,,,,1,,,,1,1,,,,,,,,,,,,0%,0%,85%,0%,0%,0%,0%,0%,0%,85%,0%,0%,0%,0%,"2,5%",0%,0%,0%,"2,5%","2,5%",0%,0%,0%,0%,0%,0%,0%,0%,0%,0%,0%,"0,560606060606061",0,"0,0757575757575758",0,"0,363636363636364",0,0,0,01/08/1999,5,1,3,1,4,1,1,1
186,1999,3 Estate,Campagna,VIII,a,prato,b,0,0,0,24,24,0,0,0,,,,,,,,,,,,,,,,1,,,,1,,,,,,,,1,,,,,0%,0%,0%,0%,0%,0%,0%,0%,0%,0%,0%,0%,0%,0%,15%,0%,0%,0%,15%,0%,0%,0%,0%,0%,0%,0%,"97,5%",0%,0%,0%,0%,0,0,0,"0,5","0,5",0,0,0,01/08/1999,1,1,1,5,5,1,1,1
187,1999,3 Estate,Campagna,V,a,prato,b,0,0,33,0,22,0,0,0,,,,,,,,,,,,,,,,1,,,,1,1,,,,,,,,,,,,0%,0%,0%,0%,0%,0%,0%,0%,0%,0%,0%,0%,0%,0%,15%,0%,0%,0%,15%,"97,5%",0%,0%,0%,0%,0%,0%,0%,0%,0%,0%,0%,0,0,"0,6",0,"0,4",0,0,0,01/08/1999,1,1,5,1,4,1,1,1
188,1999,3 Estate,Campagna,V,f,strada,a,0,0,0,0,37,0,0,0,,,,,,,,,,,,,,,,,1,,,1,,,,,,,,,,,,,0%,0%,0%,0%,0%,0%,0%,0%,0%,0%,0%,0%,0%,0%,0%,"97,5%",0%,0%,"97,5%",0%,0%,0%,0%,0%,0%,0%,0%,0%,0%,0%,0%,0,0,0,0,1,0,0,0,01/08/1999,1,1,1,1,7,1,1,1
189,1999,3 Estate,Campagna,III,g,prato,b,37,0,17,7,9,0,0,0,,,,1,,,,,,,1,,,,,1,,,,1,1,,,,,,,1,,,,,0%,0%,0%,85%,0%,0%,0%,0%,0%,85%,0%,0%,0%,0%,"2,5%",0%,0%,0%,"2,5%","2,5%",0%,0%,0%,0%,0%,0%,"2,5%",0%,0%,0%,0%,"0,528571428571429",0,"0,242857142857143","0,1","0,128571428571429",0,0,0,01/09/1999,5,1,3,3,3,1,1,1
190,1999,3 Estate,Campagna,III,h,strada,a,0,0,10,37,21,0,0,0,,,,,,,,,,,,,,,,1,,,,1,1,,,,,,1,1,,,,,0%,0%,0%,0%,0%,0%,0%,0%,0%,0%,0%,0%,0%,0%,15%,0%,0%,0%,15%,15%,0%,0%,0%,0%,0%,85%,85%,0%,0%,0%,0%,0,0,"0,147058823529412","0,544117647058823","0,308823529411765",0,0,0,01/09/1999,1,1,3,5,4,1,1,1
191,1999,3 Estate,Campagna,III,g,prato,b,37,0,4,0,4,0,0,0,,,,,,,1,,,,1,,,,,1,,,,1,1,,,,,,,1,,,,,0%,0%,0%,0%,0%,0%,0%,85%,0%,85%,0%,0%,0%,0%,"2,5%",0%,0%,0%,"2,5%","2,5%",0%,0%,0%,0%,0%,0%,15%,0%,0%,0%,0%,"0,822222222222222",0,"0,0888888888888889",0,"0,0888888888888889",0,0,0,01/09/1999,6,1,3,1,3,1,1,1
192,1999,4 Autunno,Campagna,V,h,strada,a,36,5,17,7,29,0,0,0,,,,1,,,,,,,1,,1,,1,1,,,,1,1,,,,,,,1,,,,,0%,0%,0%,"37,5%",0%,0%,0%,0%,0%,"37,5%",0%,"37,5%",0%,"37,5%","2,5%",0%,0%,0%,"2,5%","2,5%",0%,0%,0%,0%,0%,0%,15%,0%,0%,0%,0%,"0,382978723404255","0,0531914893617021","0,180851063829787","0,074468085106383","0,308510638297872",0,0,0,01/10/1999,4,3,3,3,4,1,1,1
193,1999,4 Autunno,Campagna,XI,e,bosco,c,37,0,0,0,0,0,0,0,,,,,,1,,,,,1,,,,,,,,,,,,,,,,,,,,,,0%,0%,0%,0%,0%,"97,5%",0%,0%,0%,"97,5%",0%,0%,0%,0%,0%,0%,0%,0%,0%,0%,0%,0%,0%,0%,0%,0%,0%,0%,0%,0%,0%,1,0,0,0,0,0,0,0,01/10/1999,7,1,1,1,1,1,1,1
194,1999,4 Autunno,Campagna,XI,e,bosco,c,33,0,5,0,11,0,0,0,1,,,,,,,,,,1,,,,,1,,,,1,1,,,,,,,,,,,,85%,0%,0%,0%,0%,0%,0%,0%,0%,85%,0%,0%,0%,0%,"2,5%",0%,0%,0%,"2,5%","2,5%",0%,0%,0%,0%,0%,0%,0%,0%,0%,0%,0%,"0,673469387755102",0,"0,102040816326531",0,"0,224489795918367",0,0,0,01/10/1999,5,1,3,1,3,1,1,1
195,1999,4 Autunno,Campagna,VIII,f,bosco,c,26,0,7,29,1,0,0,0,1,,,1,,,,,,,1,,,,,,,,,,1,,,,1,,,1,,,,,"37,5%",0%,0%,"37,5%",0%,0%,0%,0%,0%,85%,0%,0%,0%,0%,0%,0%,0%,0%,0%,"2,5%",0%,0%,0%,15%,0%,0%,15%,0%,0%,0%,0%,"0,412698412698413",0,"0,111111111111111","0,46031746031746","0,0158730158730159",0,0,0,01/11/1999,4,1,3,4,2,1,1,1
196,1999,4 Autunno,Campagna,III,d,prato,b,37,0,22,5,8,0,0,0,,1,,1,,,,,,,1,,,,,,1,,,1,1,,,,1,,,1,,,,,0%,"37,5%",0%,"62,5%",0%,0%,0%,0%,0%,85%,0%,0%,0%,0%,0%,"2,5%",0%,0%,"2,5%","2,5%",0%,0%,0%,15%,0%,0%,15%,0%,0%,0%,0%,"0,513888888888889",0,"0,305555555555556","0,0694444444444444","0,111111111111111",0,0,0,01/11/1999,5,1,4,3,3,1,1,1
197,1999,4 Autunno,Campagna,III,d,prato,b,37,0,18,0,1,0,0,0,1,,,,,,,,,,1,,,,,,,,,1,1,,,,,,,,,,,,85%,0%,0%,0%,0%,0%,0%,0%,0%,85%,0%,0%,0%,0%,0%,0%,0%,0%,"2,5%","2,5%",0%,0%,0%,0%,0%,0%,0%,0%,0%,0%,0%,"0,660714285714286",0,"0,321428571428571",0,"0,0178571428571429",0,0,0,01/11/1999,5,1,4,1,2,1,1,1
198,1999,4 Autunno,Campagna,III,d,prato,b,37,0,11,0,1,0,0,0,1,,,,,,,,,,1,,,,,,,,,1,1,,,,,,,,,,,,85%,0%,0%,0%,0%,0%,0%,0%,0%,85%,0%,0%,0%,0%,0%,0%,0%,0%,"2,5%","2,5%",0%,0%,0%,0%,0%,0%,0%,0%,0%,0%,0%,"0,755102040816326",0,"0,224489795918367",0,"0,0204081632653061",0,0,0,01/11/1999,6,1,3,1,2,1,1,1
199,1999,4 Autunno,Campagna,III,d,prato,b,37,0,14,6,7,0,0,0,1,,,,,,,,,,1,,,,,1,,,,1,1,,,,,,,1,,,,,85%,0%,0%,0%,0%,0%,0%,0%,0%,85%,0%,0%,0%,0%,"2,5%",0%,0%,0%,"2,5%","2,5%",0%,0%,0%,0%,0%,0%,15%,0%,0%,0%,0%,"0,578125",0,"0,21875","0,09375","0,109375",0,0,0,01/11/1999,5,1,3,3,3,1,1,1
200,1999,4 Autunno,Campagna,XI,a,prato,b,31,0,3,13,0,0,0,0,1,,,,,,,,,,1,,,,,,,,,,1,,,,1,,,1,,,1,,"62,5%",0%,0%,0%,0%,0%,0%,0%,0%,"62,5%",0%,0%,0%,0%,0%,0%,0%,0%,0%,"2,5%",0%,0%,0%,"37,5%",0%,0%,"37,5%",0%,0%,"2,5%",0%,"0,659574468085106",0,"0,0638297872340425","0,276595744680851",0,0,0,0,01/11/1999,5,1,3,4,1,1,1,1
201,1999,4 Autunno,Campagna,XI,b,bosco,c,3,0,12,2,0,0,2,0,,,,1,,,,,,,1,,,,,,,,,,1,,,,,,,1,,1,,,0%,0%,0%,85%,0%,0%,0%,0%,0%,85%,0%,0%,0%,0%,0%,0%,0%,0%,0%,"2,5%",0%,0%,0%,0%,0%,0%,"2,5%",0%,15%,0%,0%,"0,157894736842105",0,"0,631578947368421","0,105263157894737",0,0,"0,105263157894737",0,01/12/1999,3,1,5,3,1,1,3,1
202,1999,4 Autunno,Abitato,XVII,d,massicciata,b,37,0,2,0,0,0,0,0,,,,,,,,,,,,,,,,,,,,,,,,,,,,,,,,,0%,0%,0%,0%,0%,0%,0%,0%,0%,0%,0%,0%,0%,0%,0%,0%,0%,0%,0%,0%,0%,0%,0%,0%,0%,0%,0%,0%,0%,0%,0%,"0,948717948717949",0,"0,0512820512820513",0,0,0,0,0,01/12/1999,6,1,3,1,1,1,1,1
